,index,gt_value,date,region,date_obtained,term_topic
0,0,,,CH-AG,2021-06-03,meth
1,2,0.0,2004-01-01,CH-AG,2021-05-29,meth
2,3,0.0,2004-02-01,CH-AG,2021-05-29,meth
3,4,0.0,2004-03-01,CH-AG,2021-05-29,meth
4,5,0.0,2004-04-01,CH-AG,2021-05-29,meth
5,6,0.0,2004-05-01,CH-AG,2021-05-29,meth
6,7,0.0,2004-06-01,CH-AG,2021-05-29,meth
7,8,0.0,2004-07-01,CH-AG,2021-05-29,meth
8,9,0.0,2004-08-01,CH-AG,2021-05-29,meth
9,10,0.0,2004-09-01,CH-AG,2021-05-29,meth
10,11,0.0,2004-10-01,CH-AG,2021-05-29,meth
11,12,0.0,2004-11-01,CH-AG,2021-05-29,meth
12,13,0.0,2004-12-01,CH-AG,2021-05-29,meth
13,14,0.0,2005-01-01,CH-AG,2021-05-29,meth
14,15,0.0,2005-02-01,CH-AG,2021-05-29,meth
15,16,0.0,2005-03-01,CH-AG,2021-05-29,meth
16,17,0.0,2005-04-01,CH-AG,2021-05-29,meth
17,18,0.0,2005-05-01,CH-AG,2021-05-29,meth
18,19,0.0,2005-06-01,CH-AG,2021-05-29,meth
19,20,0.0,2005-07-01,CH-AG,2021-05-29,meth
20,21,0.0,2005-08-01,CH-AG,2021-05-29,meth
21,22,0.0,2005-09-01,CH-AG,2021-05-29,meth
22,23,0.0,2005-10-01,CH-AG,2021-05-29,meth
23,24,0.0,2005-11-01,CH-AG,2021-05-29,meth
24,25,0.0,2005-12-01,CH-AG,2021-05-29,meth
25,26,0.0,2006-01-01,CH-AG,2021-05-29,meth
26,27,0.0,2006-02-01,CH-AG,2021-05-29,meth
27,28,0.0,2006-03-01,CH-AG,2021-05-29,meth
28,29,0.0,2006-04-01,CH-AG,2021-05-29,meth
29,30,0.0,2006-05-01,CH-AG,2021-05-29,meth
30,31,0.0,2006-06-01,CH-AG,2021-05-29,meth
31,32,0.0,2006-07-01,CH-AG,2021-05-29,meth
32,33,0.0,2006-08-01,CH-AG,2021-05-29,meth
33,34,0.0,2006-09-01,CH-AG,2021-05-29,meth
34,35,0.0,2006-10-01,CH-AG,2021-05-29,meth
35,36,0.0,2006-11-01,CH-AG,2021-05-29,meth
36,37,0.0,2006-12-01,CH-AG,2021-05-29,meth
37,38,0.0,2007-01-01,CH-AG,2021-05-29,meth
38,39,0.0,2007-02-01,CH-AG,2021-05-29,meth
39,40,0.0,2007-03-01,CH-AG,2021-05-29,meth
40,41,0.0,2007-04-01,CH-AG,2021-05-29,meth
41,42,0.0,2007-05-01,CH-AG,2021-05-29,meth
42,43,0.0,2007-06-01,CH-AG,2021-05-29,meth
43,44,0.0,2007-07-01,CH-AG,2021-05-29,meth
44,45,0.0,2007-08-01,CH-AG,2021-05-29,meth
45,46,0.0,2007-09-01,CH-AG,2021-05-29,meth
46,47,0.0,2007-10-01,CH-AG,2021-05-29,meth
47,48,0.0,2007-11-01,CH-AG,2021-05-29,meth
48,49,0.0,2007-12-01,CH-AG,2021-05-29,meth
49,50,0.0,2008-01-01,CH-AG,2021-05-29,meth
50,51,100.0,2008-02-01,CH-AG,2021-05-29,meth
51,52,0.0,2008-03-01,CH-AG,2021-05-29,meth
52,53,0.0,2008-04-01,CH-AG,2021-05-29,meth
53,54,0.0,2008-05-01,CH-AG,2021-05-29,meth
54,55,0.0,2008-06-01,CH-AG,2021-05-29,meth
55,56,0.0,2008-07-01,CH-AG,2021-05-29,meth
56,57,0.0,2008-08-01,CH-AG,2021-05-29,meth
57,58,0.0,2008-09-01,CH-AG,2021-05-29,meth
58,59,0.0,2008-10-01,CH-AG,2021-05-29,meth
59,60,0.0,2008-11-01,CH-AG,2021-05-29,meth
60,61,0.0,2008-12-01,CH-AG,2021-05-29,meth
61,62,0.0,2009-01-01,CH-AG,2021-05-29,meth
62,63,0.0,2009-02-01,CH-AG,2021-05-29,meth
63,64,0.0,2009-03-01,CH-AG,2021-05-29,meth
64,65,0.0,2009-04-01,CH-AG,2021-05-29,meth
65,66,0.0,2009-05-01,CH-AG,2021-05-29,meth
66,67,0.0,2009-06-01,CH-AG,2021-05-29,meth
67,68,0.0,2009-07-01,CH-AG,2021-05-29,meth
68,69,0.0,2009-08-01,CH-AG,2021-05-29,meth
69,70,0.0,2009-09-01,CH-AG,2021-05-29,meth
70,71,0.0,2009-10-01,CH-AG,2021-05-29,meth
71,72,0.0,2009-11-01,CH-AG,2021-05-29,meth
72,73,0.0,2009-12-01,CH-AG,2021-05-29,meth
73,74,0.0,2010-01-01,CH-AG,2021-05-29,meth
74,75,0.0,2010-02-01,CH-AG,2021-05-29,meth
75,76,0.0,2010-03-01,CH-AG,2021-05-29,meth
76,77,0.0,2010-04-01,CH-AG,2021-05-29,meth
77,78,0.0,2010-05-01,CH-AG,2021-05-29,meth
78,79,0.0,2010-06-01,CH-AG,2021-05-29,meth
79,80,0.0,2010-07-01,CH-AG,2021-05-29,meth
80,81,0.0,2010-08-01,CH-AG,2021-05-29,meth
81,82,0.0,2010-09-01,CH-AG,2021-05-29,meth
82,83,0.0,2010-10-01,CH-AG,2021-05-29,meth
83,84,0.0,2010-11-01,CH-AG,2021-05-29,meth
84,85,0.0,2010-12-01,CH-AG,2021-05-29,meth
85,86,0.0,2011-01-01,CH-AG,2021-05-29,meth
86,87,0.0,2011-02-01,CH-AG,2021-05-29,meth
87,88,0.0,2011-03-01,CH-AG,2021-05-29,meth
88,89,0.0,2011-04-01,CH-AG,2021-05-29,meth
89,90,0.0,2011-05-01,CH-AG,2021-05-29,meth
90,91,0.0,2011-06-01,CH-AG,2021-05-29,meth
91,92,14.0,2011-07-01,CH-AG,2021-05-29,meth
92,93,0.0,2011-08-01,CH-AG,2021-05-29,meth
93,94,17.0,2011-09-01,CH-AG,2021-05-29,meth
94,95,0.0,2011-10-01,CH-AG,2021-05-29,meth
95,96,0.0,2011-11-01,CH-AG,2021-05-29,meth
96,97,0.0,2011-12-01,CH-AG,2021-05-29,meth
97,98,0.0,2012-01-01,CH-AG,2021-05-29,meth
98,99,0.0,2012-02-01,CH-AG,2021-05-29,meth
99,100,11.0,2012-03-01,CH-AG,2021-05-29,meth
100,101,0.0,2012-04-01,CH-AG,2021-05-29,meth
101,102,0.0,2012-05-01,CH-AG,2021-05-29,meth
102,103,0.0,2012-06-01,CH-AG,2021-05-29,meth
103,104,0.0,2012-07-01,CH-AG,2021-05-29,meth
104,105,0.0,2012-08-01,CH-AG,2021-05-29,meth
105,106,0.0,2012-09-01,CH-AG,2021-05-29,meth
106,107,9.0,2012-10-01,CH-AG,2021-05-29,meth
107,108,0.0,2012-11-01,CH-AG,2021-05-29,meth
108,109,10.0,2012-12-01,CH-AG,2021-05-29,meth
109,110,9.0,2013-01-01,CH-AG,2021-05-29,meth
110,111,0.0,2013-02-01,CH-AG,2021-05-29,meth
111,112,0.0,2013-03-01,CH-AG,2021-05-29,meth
112,113,8.0,2013-04-01,CH-AG,2021-05-29,meth
113,114,0.0,2013-05-01,CH-AG,2021-05-29,meth
114,115,8.0,2013-06-01,CH-AG,2021-05-29,meth
115,116,19.0,2013-07-01,CH-AG,2021-05-29,meth
116,117,0.0,2013-08-01,CH-AG,2021-05-29,meth
117,118,8.0,2013-09-01,CH-AG,2021-05-29,meth
118,119,8.0,2013-10-01,CH-AG,2021-05-29,meth
119,120,16.0,2013-11-01,CH-AG,2021-05-29,meth
120,121,16.0,2013-12-01,CH-AG,2021-05-29,meth
121,122,7.0,2014-01-01,CH-AG,2021-05-29,meth
122,123,8.0,2014-02-01,CH-AG,2021-05-29,meth
123,124,21.0,2014-03-01,CH-AG,2021-05-29,meth
124,125,0.0,2014-04-01,CH-AG,2021-05-29,meth
125,126,8.0,2014-05-01,CH-AG,2021-05-29,meth
126,127,0.0,2014-06-01,CH-AG,2021-05-29,meth
127,128,0.0,2014-07-01,CH-AG,2021-05-29,meth
128,129,0.0,2014-08-01,CH-AG,2021-05-29,meth
129,130,0.0,2014-09-01,CH-AG,2021-05-29,meth
130,131,0.0,2014-10-01,CH-AG,2021-05-29,meth
131,132,17.0,2014-11-01,CH-AG,2021-05-29,meth
132,133,9.0,2014-12-01,CH-AG,2021-05-29,meth
133,134,8.0,2015-01-01,CH-AG,2021-05-29,meth
134,135,9.0,2015-02-01,CH-AG,2021-05-29,meth
135,136,0.0,2015-03-01,CH-AG,2021-05-29,meth
136,137,0.0,2015-04-01,CH-AG,2021-05-29,meth
137,138,8.0,2015-05-01,CH-AG,2021-05-29,meth
138,139,9.0,2015-06-01,CH-AG,2021-05-29,meth
139,140,10.0,2015-07-01,CH-AG,2021-05-29,meth
140,141,9.0,2015-08-01,CH-AG,2021-05-29,meth
141,142,0.0,2015-09-01,CH-AG,2021-05-29,meth
142,143,0.0,2015-10-01,CH-AG,2021-05-29,meth
143,144,9.0,2015-11-01,CH-AG,2021-05-29,meth
144,145,0.0,2015-12-01,CH-AG,2021-05-29,meth
145,146,0.0,2016-01-01,CH-AG,2021-05-29,meth
146,147,7.0,2016-02-01,CH-AG,2021-05-29,meth
147,148,0.0,2004-01-01,CH-AG,2021-03-27,meth
148,149,0.0,2004-02-01,CH-AG,2021-03-27,meth
149,150,0.0,2004-03-01,CH-AG,2021-03-27,meth
150,151,0.0,2004-04-01,CH-AG,2021-03-27,meth
151,152,0.0,2004-05-01,CH-AG,2021-03-27,meth
152,153,0.0,2004-06-01,CH-AG,2021-03-27,meth
153,154,0.0,2004-07-01,CH-AG,2021-03-27,meth
154,155,0.0,2004-08-01,CH-AG,2021-03-27,meth
155,156,0.0,2004-09-01,CH-AG,2021-03-27,meth
156,157,0.0,2004-10-01,CH-AG,2021-03-27,meth
157,158,0.0,2004-11-01,CH-AG,2021-03-27,meth
158,159,0.0,2004-12-01,CH-AG,2021-03-27,meth
159,160,0.0,2005-01-01,CH-AG,2021-03-27,meth
160,161,0.0,2005-02-01,CH-AG,2021-03-27,meth
161,162,0.0,2005-03-01,CH-AG,2021-03-27,meth
162,163,0.0,2005-04-01,CH-AG,2021-03-27,meth
163,164,0.0,2005-05-01,CH-AG,2021-03-27,meth
164,165,0.0,2005-06-01,CH-AG,2021-03-27,meth
165,166,0.0,2005-07-01,CH-AG,2021-03-27,meth
166,167,0.0,2005-08-01,CH-AG,2021-03-27,meth
167,168,0.0,2005-09-01,CH-AG,2021-03-27,meth
168,169,0.0,2005-10-01,CH-AG,2021-03-27,meth
169,170,0.0,2005-11-01,CH-AG,2021-03-27,meth
170,171,0.0,2005-12-01,CH-AG,2021-03-27,meth
171,172,0.0,2006-01-01,CH-AG,2021-03-27,meth
172,173,0.0,2006-02-01,CH-AG,2021-03-27,meth
173,174,0.0,2006-03-01,CH-AG,2021-03-27,meth
174,175,0.0,2006-04-01,CH-AG,2021-03-27,meth
175,176,0.0,2006-05-01,CH-AG,2021-03-27,meth
176,177,0.0,2006-06-01,CH-AG,2021-03-27,meth
177,178,0.0,2006-07-01,CH-AG,2021-03-27,meth
178,179,0.0,2006-08-01,CH-AG,2021-03-27,meth
179,180,0.0,2006-09-01,CH-AG,2021-03-27,meth
180,181,0.0,2006-10-01,CH-AG,2021-03-27,meth
181,182,0.0,2006-11-01,CH-AG,2021-03-27,meth
182,183,0.0,2006-12-01,CH-AG,2021-03-27,meth
183,184,0.0,2007-01-01,CH-AG,2021-03-27,meth
184,185,0.0,2007-02-01,CH-AG,2021-03-27,meth
185,186,0.0,2007-03-01,CH-AG,2021-03-27,meth
186,187,0.0,2007-04-01,CH-AG,2021-03-27,meth
187,188,0.0,2007-05-01,CH-AG,2021-03-27,meth
188,189,0.0,2007-06-01,CH-AG,2021-03-27,meth
189,190,0.0,2007-07-01,CH-AG,2021-03-27,meth
190,191,0.0,2007-08-01,CH-AG,2021-03-27,meth
191,192,0.0,2007-09-01,CH-AG,2021-03-27,meth
192,193,0.0,2007-10-01,CH-AG,2021-03-27,meth
193,194,0.0,2007-11-01,CH-AG,2021-03-27,meth
194,195,0.0,2007-12-01,CH-AG,2021-03-27,meth
195,196,0.0,2008-01-01,CH-AG,2021-03-27,meth
196,197,0.0,2008-02-01,CH-AG,2021-03-27,meth
197,198,0.0,2008-03-01,CH-AG,2021-03-27,meth
198,199,0.0,2008-04-01,CH-AG,2021-03-27,meth
199,200,0.0,2008-05-01,CH-AG,2021-03-27,meth
200,201,0.0,2008-06-01,CH-AG,2021-03-27,meth
201,202,0.0,2008-07-01,CH-AG,2021-03-27,meth
202,203,0.0,2008-08-01,CH-AG,2021-03-27,meth
203,204,0.0,2008-09-01,CH-AG,2021-03-27,meth
204,205,0.0,2008-10-01,CH-AG,2021-03-27,meth
205,206,0.0,2008-11-01,CH-AG,2021-03-27,meth
206,207,0.0,2008-12-01,CH-AG,2021-03-27,meth
207,208,0.0,2009-01-01,CH-AG,2021-03-27,meth
208,209,0.0,2009-02-01,CH-AG,2021-03-27,meth
209,210,0.0,2009-03-01,CH-AG,2021-03-27,meth
210,211,0.0,2009-04-01,CH-AG,2021-03-27,meth
211,212,0.0,2009-05-01,CH-AG,2021-03-27,meth
212,213,0.0,2009-06-01,CH-AG,2021-03-27,meth
213,214,0.0,2009-07-01,CH-AG,2021-03-27,meth
214,215,0.0,2009-08-01,CH-AG,2021-03-27,meth
215,216,0.0,2009-09-01,CH-AG,2021-03-27,meth
216,217,0.0,2009-10-01,CH-AG,2021-03-27,meth
217,218,0.0,2009-11-01,CH-AG,2021-03-27,meth
218,219,0.0,2009-12-01,CH-AG,2021-03-27,meth
219,220,0.0,2010-01-01,CH-AG,2021-03-27,meth
220,221,0.0,2010-02-01,CH-AG,2021-03-27,meth
221,222,0.0,2010-03-01,CH-AG,2021-03-27,meth
222,223,0.0,2010-04-01,CH-AG,2021-03-27,meth
223,224,0.0,2010-05-01,CH-AG,2021-03-27,meth
224,225,0.0,2010-06-01,CH-AG,2021-03-27,meth
225,226,0.0,2010-07-01,CH-AG,2021-03-27,meth
226,227,0.0,2010-08-01,CH-AG,2021-03-27,meth
227,228,0.0,2010-09-01,CH-AG,2021-03-27,meth
228,229,100.0,2010-10-01,CH-AG,2021-03-27,meth
229,230,0.0,2010-11-01,CH-AG,2021-03-27,meth
230,231,0.0,2010-12-01,CH-AG,2021-03-27,meth
231,232,0.0,2011-01-01,CH-AG,2021-03-27,meth
232,233,14.0,2011-02-01,CH-AG,2021-03-27,meth
233,234,24.0,2011-03-01,CH-AG,2021-03-27,meth
234,235,0.0,2011-04-01,CH-AG,2021-03-27,meth
235,236,14.0,2011-05-01,CH-AG,2021-03-27,meth
236,237,0.0,2011-06-01,CH-AG,2021-03-27,meth
237,238,20.0,2011-07-01,CH-AG,2021-03-27,meth
238,239,0.0,2011-08-01,CH-AG,2021-03-27,meth
239,240,0.0,2011-09-01,CH-AG,2021-03-27,meth
240,241,0.0,2011-10-01,CH-AG,2021-03-27,meth
241,242,0.0,2011-11-01,CH-AG,2021-03-27,meth
242,243,0.0,2011-12-01,CH-AG,2021-03-27,meth
243,244,0.0,2012-01-01,CH-AG,2021-03-27,meth
244,245,0.0,2012-02-01,CH-AG,2021-03-27,meth
245,246,15.0,2012-03-01,CH-AG,2021-03-27,meth
246,247,15.0,2012-04-01,CH-AG,2021-03-27,meth
247,248,0.0,2012-05-01,CH-AG,2021-03-27,meth
248,249,0.0,2012-06-01,CH-AG,2021-03-27,meth
249,250,0.0,2012-07-01,CH-AG,2021-03-27,meth
250,251,0.0,2012-08-01,CH-AG,2021-03-27,meth
251,252,0.0,2012-09-01,CH-AG,2021-03-27,meth
252,253,14.0,2012-10-01,CH-AG,2021-03-27,meth
253,254,0.0,2012-11-01,CH-AG,2021-03-27,meth
254,255,0.0,2012-12-01,CH-AG,2021-03-27,meth
255,256,13.0,2013-01-01,CH-AG,2021-03-27,meth
256,257,0.0,2013-02-01,CH-AG,2021-03-27,meth
257,258,12.0,2013-03-01,CH-AG,2021-03-27,meth
258,259,11.0,2013-04-01,CH-AG,2021-03-27,meth
259,260,0.0,2013-05-01,CH-AG,2021-03-27,meth
260,261,12.0,2013-06-01,CH-AG,2021-03-27,meth
261,262,0.0,2013-07-01,CH-AG,2021-03-27,meth
262,263,0.0,2013-08-01,CH-AG,2021-03-27,meth
263,264,23.0,2013-09-01,CH-AG,2021-03-27,meth
264,265,0.0,2013-10-01,CH-AG,2021-03-27,meth
265,266,23.0,2013-11-01,CH-AG,2021-03-27,meth
266,267,12.0,2013-12-01,CH-AG,2021-03-27,meth
267,268,21.0,2014-01-01,CH-AG,2021-03-27,meth
268,269,12.0,2014-02-01,CH-AG,2021-03-27,meth
269,270,11.0,2014-03-01,CH-AG,2021-03-27,meth
270,271,22.0,2014-04-01,CH-AG,2021-03-27,meth
271,272,22.0,2014-05-01,CH-AG,2021-03-27,meth
272,273,13.0,2014-06-01,CH-AG,2021-03-27,meth
273,274,14.0,2014-07-01,CH-AG,2021-03-27,meth
274,275,0.0,2014-08-01,CH-AG,2021-03-27,meth
275,276,26.0,2014-09-01,CH-AG,2021-03-27,meth
276,277,0.0,2014-10-01,CH-AG,2021-03-27,meth
277,278,25.0,2014-11-01,CH-AG,2021-03-27,meth
278,279,26.0,2014-12-01,CH-AG,2021-03-27,meth
279,280,34.0,2015-01-01,CH-AG,2021-03-27,meth
280,281,0.0,2015-02-01,CH-AG,2021-03-27,meth
281,282,0.0,2015-03-01,CH-AG,2021-03-27,meth
282,283,12.0,2015-04-01,CH-AG,2021-03-27,meth
283,284,0.0,2015-05-01,CH-AG,2021-03-27,meth
284,285,0.0,2015-06-01,CH-AG,2021-03-27,meth
285,286,0.0,2015-07-01,CH-AG,2021-03-27,meth
286,287,0.0,2015-08-01,CH-AG,2021-03-27,meth
287,288,14.0,2015-09-01,CH-AG,2021-03-27,meth
288,289,0.0,2015-10-01,CH-AG,2021-03-27,meth
289,290,13.0,2015-11-01,CH-AG,2021-03-27,meth
290,291,0.0,2015-12-01,CH-AG,2021-03-27,meth
291,292,0.0,2016-01-01,CH-AG,2021-03-27,meth
292,293,0.0,2016-02-01,CH-AG,2021-03-27,meth
293,294,0.0,2004-01-01,CH-AG,2021-03-31,meth
294,295,0.0,2004-02-01,CH-AG,2021-03-31,meth
295,296,0.0,2004-03-01,CH-AG,2021-03-31,meth
296,297,0.0,2004-04-01,CH-AG,2021-03-31,meth
297,298,0.0,2004-05-01,CH-AG,2021-03-31,meth
298,299,0.0,2004-06-01,CH-AG,2021-03-31,meth
299,300,0.0,2004-07-01,CH-AG,2021-03-31,meth
300,301,0.0,2004-08-01,CH-AG,2021-03-31,meth
301,302,0.0,2004-09-01,CH-AG,2021-03-31,meth
302,303,0.0,2004-10-01,CH-AG,2021-03-31,meth
303,304,0.0,2004-11-01,CH-AG,2021-03-31,meth
304,305,0.0,2004-12-01,CH-AG,2021-03-31,meth
305,306,0.0,2005-01-01,CH-AG,2021-03-31,meth
306,307,0.0,2005-02-01,CH-AG,2021-03-31,meth
307,308,0.0,2005-03-01,CH-AG,2021-03-31,meth
308,309,0.0,2005-04-01,CH-AG,2021-03-31,meth
309,310,0.0,2005-05-01,CH-AG,2021-03-31,meth
310,311,0.0,2005-06-01,CH-AG,2021-03-31,meth
311,312,0.0,2005-07-01,CH-AG,2021-03-31,meth
312,313,0.0,2005-08-01,CH-AG,2021-03-31,meth
313,314,0.0,2005-09-01,CH-AG,2021-03-31,meth
314,315,0.0,2005-10-01,CH-AG,2021-03-31,meth
315,316,0.0,2005-11-01,CH-AG,2021-03-31,meth
316,317,0.0,2005-12-01,CH-AG,2021-03-31,meth
317,318,0.0,2006-01-01,CH-AG,2021-03-31,meth
318,319,0.0,2006-02-01,CH-AG,2021-03-31,meth
319,320,0.0,2006-03-01,CH-AG,2021-03-31,meth
320,321,0.0,2006-04-01,CH-AG,2021-03-31,meth
321,322,0.0,2006-05-01,CH-AG,2021-03-31,meth
322,323,0.0,2006-06-01,CH-AG,2021-03-31,meth
323,324,0.0,2006-07-01,CH-AG,2021-03-31,meth
324,325,0.0,2006-08-01,CH-AG,2021-03-31,meth
325,326,0.0,2006-09-01,CH-AG,2021-03-31,meth
326,327,0.0,2006-10-01,CH-AG,2021-03-31,meth
327,328,0.0,2006-11-01,CH-AG,2021-03-31,meth
328,329,0.0,2006-12-01,CH-AG,2021-03-31,meth
329,330,0.0,2007-01-01,CH-AG,2021-03-31,meth
330,331,0.0,2007-02-01,CH-AG,2021-03-31,meth
331,332,0.0,2007-03-01,CH-AG,2021-03-31,meth
332,333,0.0,2007-04-01,CH-AG,2021-03-31,meth
333,334,0.0,2007-05-01,CH-AG,2021-03-31,meth
334,335,0.0,2007-06-01,CH-AG,2021-03-31,meth
335,336,0.0,2007-07-01,CH-AG,2021-03-31,meth
336,337,0.0,2007-08-01,CH-AG,2021-03-31,meth
337,338,0.0,2007-09-01,CH-AG,2021-03-31,meth
338,339,0.0,2007-10-01,CH-AG,2021-03-31,meth
339,340,0.0,2007-11-01,CH-AG,2021-03-31,meth
340,341,0.0,2007-12-01,CH-AG,2021-03-31,meth
341,342,0.0,2008-01-01,CH-AG,2021-03-31,meth
342,343,0.0,2008-02-01,CH-AG,2021-03-31,meth
343,344,0.0,2008-03-01,CH-AG,2021-03-31,meth
344,345,0.0,2008-04-01,CH-AG,2021-03-31,meth
345,346,0.0,2008-05-01,CH-AG,2021-03-31,meth
346,347,0.0,2008-06-01,CH-AG,2021-03-31,meth
347,348,0.0,2008-07-01,CH-AG,2021-03-31,meth
348,349,0.0,2008-08-01,CH-AG,2021-03-31,meth
349,350,0.0,2008-09-01,CH-AG,2021-03-31,meth
350,351,0.0,2008-10-01,CH-AG,2021-03-31,meth
351,352,0.0,2008-11-01,CH-AG,2021-03-31,meth
352,353,0.0,2008-12-01,CH-AG,2021-03-31,meth
353,354,0.0,2009-01-01,CH-AG,2021-03-31,meth
354,355,0.0,2009-02-01,CH-AG,2021-03-31,meth
355,356,0.0,2009-03-01,CH-AG,2021-03-31,meth
356,357,0.0,2009-04-01,CH-AG,2021-03-31,meth
357,358,0.0,2009-05-01,CH-AG,2021-03-31,meth
358,359,0.0,2009-06-01,CH-AG,2021-03-31,meth
359,360,0.0,2009-07-01,CH-AG,2021-03-31,meth
360,361,0.0,2009-08-01,CH-AG,2021-03-31,meth
361,362,0.0,2009-09-01,CH-AG,2021-03-31,meth
362,363,0.0,2009-10-01,CH-AG,2021-03-31,meth
363,364,0.0,2009-11-01,CH-AG,2021-03-31,meth
364,365,0.0,2009-12-01,CH-AG,2021-03-31,meth
365,366,0.0,2010-01-01,CH-AG,2021-03-31,meth
366,367,0.0,2010-02-01,CH-AG,2021-03-31,meth
367,368,0.0,2010-03-01,CH-AG,2021-03-31,meth
368,369,0.0,2010-04-01,CH-AG,2021-03-31,meth
369,370,0.0,2010-05-01,CH-AG,2021-03-31,meth
370,371,0.0,2010-06-01,CH-AG,2021-03-31,meth
371,372,0.0,2010-07-01,CH-AG,2021-03-31,meth
372,373,0.0,2010-08-01,CH-AG,2021-03-31,meth
373,374,0.0,2010-09-01,CH-AG,2021-03-31,meth
374,375,0.0,2010-10-01,CH-AG,2021-03-31,meth
375,376,0.0,2010-11-01,CH-AG,2021-03-31,meth
376,377,0.0,2010-12-01,CH-AG,2021-03-31,meth
377,378,0.0,2011-01-01,CH-AG,2021-03-31,meth
378,379,0.0,2011-02-01,CH-AG,2021-03-31,meth
379,380,25.0,2011-03-01,CH-AG,2021-03-31,meth
380,381,0.0,2011-04-01,CH-AG,2021-03-31,meth
381,382,30.0,2011-05-01,CH-AG,2021-03-31,meth
382,383,0.0,2011-06-01,CH-AG,2021-03-31,meth
383,384,43.0,2011-07-01,CH-AG,2021-03-31,meth
384,385,0.0,2011-08-01,CH-AG,2021-03-31,meth
385,386,26.0,2011-09-01,CH-AG,2021-03-31,meth
386,387,0.0,2011-10-01,CH-AG,2021-03-31,meth
387,388,0.0,2011-11-01,CH-AG,2021-03-31,meth
388,389,0.0,2011-12-01,CH-AG,2021-03-31,meth
389,390,0.0,2012-01-01,CH-AG,2021-03-31,meth
390,391,0.0,2012-02-01,CH-AG,2021-03-31,meth
391,392,33.0,2012-03-01,CH-AG,2021-03-31,meth
392,393,32.0,2012-04-01,CH-AG,2021-03-31,meth
393,394,0.0,2012-05-01,CH-AG,2021-03-31,meth
394,395,0.0,2012-06-01,CH-AG,2021-03-31,meth
395,396,0.0,2012-07-01,CH-AG,2021-03-31,meth
396,397,32.0,2012-08-01,CH-AG,2021-03-31,meth
397,398,0.0,2012-09-01,CH-AG,2021-03-31,meth
398,399,0.0,2012-10-01,CH-AG,2021-03-31,meth
399,400,0.0,2012-11-01,CH-AG,2021-03-31,meth
400,401,0.0,2012-12-01,CH-AG,2021-03-31,meth
401,402,0.0,2013-01-01,CH-AG,2021-03-31,meth
402,403,0.0,2013-02-01,CH-AG,2021-03-31,meth
403,404,0.0,2013-03-01,CH-AG,2021-03-31,meth
404,405,24.0,2013-04-01,CH-AG,2021-03-31,meth
405,406,0.0,2013-05-01,CH-AG,2021-03-31,meth
406,407,26.0,2013-06-01,CH-AG,2021-03-31,meth
407,408,0.0,2013-07-01,CH-AG,2021-03-31,meth
408,409,0.0,2013-08-01,CH-AG,2021-03-31,meth
409,410,0.0,2013-09-01,CH-AG,2021-03-31,meth
410,411,100.0,2013-10-01,CH-AG,2021-03-31,meth
411,412,24.0,2013-11-01,CH-AG,2021-03-31,meth
412,413,49.0,2013-12-01,CH-AG,2021-03-31,meth
413,414,45.0,2014-01-01,CH-AG,2021-03-31,meth
414,415,0.0,2014-02-01,CH-AG,2021-03-31,meth
415,416,45.0,2014-03-01,CH-AG,2021-03-31,meth
416,417,23.0,2014-04-01,CH-AG,2021-03-31,meth
417,418,70.0,2014-05-01,CH-AG,2021-03-31,meth
418,419,28.0,2014-06-01,CH-AG,2021-03-31,meth
419,420,0.0,2014-07-01,CH-AG,2021-03-31,meth
420,421,0.0,2014-08-01,CH-AG,2021-03-31,meth
421,422,55.0,2014-09-01,CH-AG,2021-03-31,meth
422,423,26.0,2014-10-01,CH-AG,2021-03-31,meth
423,424,52.0,2014-11-01,CH-AG,2021-03-31,meth
424,425,28.0,2014-12-01,CH-AG,2021-03-31,meth
425,426,24.0,2015-01-01,CH-AG,2021-03-31,meth
426,427,0.0,2015-02-01,CH-AG,2021-03-31,meth
427,428,0.0,2015-03-01,CH-AG,2021-03-31,meth
428,429,0.0,2015-04-01,CH-AG,2021-03-31,meth
429,430,0.0,2015-05-01,CH-AG,2021-03-31,meth
430,431,28.0,2015-06-01,CH-AG,2021-03-31,meth
431,432,31.0,2015-07-01,CH-AG,2021-03-31,meth
432,433,0.0,2015-08-01,CH-AG,2021-03-31,meth
433,434,0.0,2015-09-01,CH-AG,2021-03-31,meth
434,435,57.0,2015-10-01,CH-AG,2021-03-31,meth
435,436,28.0,2015-11-01,CH-AG,2021-03-31,meth
436,437,0.0,2015-12-01,CH-AG,2021-03-31,meth
437,438,0.0,2016-01-01,CH-AG,2021-03-31,meth
438,439,24.0,2016-02-01,CH-AG,2021-03-31,meth
439,440,0.0,2004-01-01,CH-AG,2021-03-30,meth
440,441,0.0,2004-02-01,CH-AG,2021-03-30,meth
441,442,0.0,2004-03-01,CH-AG,2021-03-30,meth
442,443,0.0,2004-04-01,CH-AG,2021-03-30,meth
443,444,0.0,2004-05-01,CH-AG,2021-03-30,meth
444,445,0.0,2004-06-01,CH-AG,2021-03-30,meth
445,446,0.0,2004-07-01,CH-AG,2021-03-30,meth
446,447,0.0,2004-08-01,CH-AG,2021-03-30,meth
447,448,0.0,2004-09-01,CH-AG,2021-03-30,meth
448,449,0.0,2004-10-01,CH-AG,2021-03-30,meth
449,450,0.0,2004-11-01,CH-AG,2021-03-30,meth
450,451,0.0,2004-12-01,CH-AG,2021-03-30,meth
451,452,0.0,2005-01-01,CH-AG,2021-03-30,meth
452,453,0.0,2005-02-01,CH-AG,2021-03-30,meth
453,454,0.0,2005-03-01,CH-AG,2021-03-30,meth
454,455,0.0,2005-04-01,CH-AG,2021-03-30,meth
455,456,0.0,2005-05-01,CH-AG,2021-03-30,meth
456,457,0.0,2005-06-01,CH-AG,2021-03-30,meth
457,458,0.0,2005-07-01,CH-AG,2021-03-30,meth
458,459,0.0,2005-08-01,CH-AG,2021-03-30,meth
459,460,0.0,2005-09-01,CH-AG,2021-03-30,meth
460,461,0.0,2005-10-01,CH-AG,2021-03-30,meth
461,462,0.0,2005-11-01,CH-AG,2021-03-30,meth
462,463,0.0,2005-12-01,CH-AG,2021-03-30,meth
463,464,0.0,2006-01-01,CH-AG,2021-03-30,meth
464,465,0.0,2006-02-01,CH-AG,2021-03-30,meth
465,466,0.0,2006-03-01,CH-AG,2021-03-30,meth
466,467,0.0,2006-04-01,CH-AG,2021-03-30,meth
467,468,0.0,2006-05-01,CH-AG,2021-03-30,meth
468,469,0.0,2006-06-01,CH-AG,2021-03-30,meth
469,470,0.0,2006-07-01,CH-AG,2021-03-30,meth
470,471,0.0,2006-08-01,CH-AG,2021-03-30,meth
471,472,0.0,2006-09-01,CH-AG,2021-03-30,meth
472,473,0.0,2006-10-01,CH-AG,2021-03-30,meth
473,474,0.0,2006-11-01,CH-AG,2021-03-30,meth
474,475,0.0,2006-12-01,CH-AG,2021-03-30,meth
475,476,0.0,2007-01-01,CH-AG,2021-03-30,meth
476,477,0.0,2007-02-01,CH-AG,2021-03-30,meth
477,478,0.0,2007-03-01,CH-AG,2021-03-30,meth
478,479,0.0,2007-04-01,CH-AG,2021-03-30,meth
479,480,0.0,2007-05-01,CH-AG,2021-03-30,meth
480,481,0.0,2007-06-01,CH-AG,2021-03-30,meth
481,482,0.0,2007-07-01,CH-AG,2021-03-30,meth
482,483,0.0,2007-08-01,CH-AG,2021-03-30,meth
483,484,0.0,2007-09-01,CH-AG,2021-03-30,meth
484,485,0.0,2007-10-01,CH-AG,2021-03-30,meth
485,486,0.0,2007-11-01,CH-AG,2021-03-30,meth
486,487,0.0,2007-12-01,CH-AG,2021-03-30,meth
487,488,0.0,2008-01-01,CH-AG,2021-03-30,meth
488,489,0.0,2008-02-01,CH-AG,2021-03-30,meth
489,490,0.0,2008-03-01,CH-AG,2021-03-30,meth
490,491,0.0,2008-04-01,CH-AG,2021-03-30,meth
491,492,0.0,2008-05-01,CH-AG,2021-03-30,meth
492,493,0.0,2008-06-01,CH-AG,2021-03-30,meth
493,494,0.0,2008-07-01,CH-AG,2021-03-30,meth
494,495,0.0,2008-08-01,CH-AG,2021-03-30,meth
495,496,0.0,2008-09-01,CH-AG,2021-03-30,meth
496,497,0.0,2008-10-01,CH-AG,2021-03-30,meth
497,498,0.0,2008-11-01,CH-AG,2021-03-30,meth
498,499,0.0,2008-12-01,CH-AG,2021-03-30,meth
499,500,0.0,2009-01-01,CH-AG,2021-03-30,meth
500,501,0.0,2009-02-01,CH-AG,2021-03-30,meth
501,502,0.0,2009-03-01,CH-AG,2021-03-30,meth
502,503,0.0,2009-04-01,CH-AG,2021-03-30,meth
503,504,0.0,2009-05-01,CH-AG,2021-03-30,meth
504,505,0.0,2009-06-01,CH-AG,2021-03-30,meth
505,506,0.0,2009-07-01,CH-AG,2021-03-30,meth
506,507,0.0,2009-08-01,CH-AG,2021-03-30,meth
507,508,0.0,2009-09-01,CH-AG,2021-03-30,meth
508,509,0.0,2009-10-01,CH-AG,2021-03-30,meth
509,510,0.0,2009-11-01,CH-AG,2021-03-30,meth
510,511,0.0,2009-12-01,CH-AG,2021-03-30,meth
511,512,0.0,2010-01-01,CH-AG,2021-03-30,meth
512,513,0.0,2010-02-01,CH-AG,2021-03-30,meth
513,514,0.0,2010-03-01,CH-AG,2021-03-30,meth
514,515,0.0,2010-04-01,CH-AG,2021-03-30,meth
515,516,0.0,2010-05-01,CH-AG,2021-03-30,meth
516,517,0.0,2010-06-01,CH-AG,2021-03-30,meth
517,518,0.0,2010-07-01,CH-AG,2021-03-30,meth
518,519,0.0,2010-08-01,CH-AG,2021-03-30,meth
519,520,0.0,2010-09-01,CH-AG,2021-03-30,meth
520,521,0.0,2010-10-01,CH-AG,2021-03-30,meth
521,522,0.0,2010-11-01,CH-AG,2021-03-30,meth
522,523,0.0,2010-12-01,CH-AG,2021-03-30,meth
523,524,0.0,2011-01-01,CH-AG,2021-03-30,meth
524,525,0.0,2011-02-01,CH-AG,2021-03-30,meth
525,526,0.0,2011-03-01,CH-AG,2021-03-30,meth
526,527,33.0,2011-04-01,CH-AG,2021-03-30,meth
527,528,0.0,2011-05-01,CH-AG,2021-03-30,meth
528,529,0.0,2011-06-01,CH-AG,2021-03-30,meth
529,530,100.0,2011-07-01,CH-AG,2021-03-30,meth
530,531,0.0,2011-08-01,CH-AG,2021-03-30,meth
531,532,0.0,2011-09-01,CH-AG,2021-03-30,meth
532,533,0.0,2011-10-01,CH-AG,2021-03-30,meth
533,534,0.0,2011-11-01,CH-AG,2021-03-30,meth
534,535,42.0,2011-12-01,CH-AG,2021-03-30,meth
535,536,0.0,2012-01-01,CH-AG,2021-03-30,meth
536,537,0.0,2012-02-01,CH-AG,2021-03-30,meth
537,538,77.0,2012-03-01,CH-AG,2021-03-30,meth
538,539,0.0,2012-04-01,CH-AG,2021-03-30,meth
539,540,0.0,2012-05-01,CH-AG,2021-03-30,meth
540,541,0.0,2012-06-01,CH-AG,2021-03-30,meth
541,542,40.0,2012-07-01,CH-AG,2021-03-30,meth
542,543,0.0,2012-08-01,CH-AG,2021-03-30,meth
543,544,36.0,2012-09-01,CH-AG,2021-03-30,meth
544,545,34.0,2012-10-01,CH-AG,2021-03-30,meth
545,546,0.0,2012-11-01,CH-AG,2021-03-30,meth
546,547,0.0,2012-12-01,CH-AG,2021-03-30,meth
547,548,34.0,2013-01-01,CH-AG,2021-03-30,meth
548,549,0.0,2013-02-01,CH-AG,2021-03-30,meth
549,550,0.0,2013-03-01,CH-AG,2021-03-30,meth
550,551,29.0,2013-04-01,CH-AG,2021-03-30,meth
551,552,0.0,2013-05-01,CH-AG,2021-03-30,meth
552,553,0.0,2013-06-01,CH-AG,2021-03-30,meth
553,554,36.0,2013-07-01,CH-AG,2021-03-30,meth
554,555,0.0,2013-08-01,CH-AG,2021-03-30,meth
555,556,87.0,2013-09-01,CH-AG,2021-03-30,meth
556,557,0.0,2013-10-01,CH-AG,2021-03-30,meth
557,558,0.0,2013-11-01,CH-AG,2021-03-30,meth
558,559,87.0,2013-12-01,CH-AG,2021-03-30,meth
559,560,0.0,2014-01-01,CH-AG,2021-03-30,meth
560,561,0.0,2014-02-01,CH-AG,2021-03-30,meth
561,562,53.0,2014-03-01,CH-AG,2021-03-30,meth
562,563,27.0,2014-04-01,CH-AG,2021-03-30,meth
563,564,82.0,2014-05-01,CH-AG,2021-03-30,meth
564,565,33.0,2014-06-01,CH-AG,2021-03-30,meth
565,566,0.0,2014-07-01,CH-AG,2021-03-30,meth
566,567,0.0,2014-08-01,CH-AG,2021-03-30,meth
567,568,32.0,2014-09-01,CH-AG,2021-03-30,meth
568,569,0.0,2014-10-01,CH-AG,2021-03-30,meth
569,570,0.0,2014-11-01,CH-AG,2021-03-30,meth
570,571,32.0,2014-12-01,CH-AG,2021-03-30,meth
571,572,57.0,2015-01-01,CH-AG,2021-03-30,meth
572,573,0.0,2015-02-01,CH-AG,2021-03-30,meth
573,574,0.0,2015-03-01,CH-AG,2021-03-30,meth
574,575,0.0,2015-04-01,CH-AG,2021-03-30,meth
575,576,0.0,2015-05-01,CH-AG,2021-03-30,meth
576,577,0.0,2015-06-01,CH-AG,2021-03-30,meth
577,578,37.0,2015-07-01,CH-AG,2021-03-30,meth
578,579,0.0,2015-08-01,CH-AG,2021-03-30,meth
579,580,68.0,2015-09-01,CH-AG,2021-03-30,meth
580,581,0.0,2015-10-01,CH-AG,2021-03-30,meth
581,582,0.0,2015-11-01,CH-AG,2021-03-30,meth
582,583,0.0,2015-12-01,CH-AG,2021-03-30,meth
583,584,26.0,2016-01-01,CH-AG,2021-03-30,meth
584,585,27.0,2016-02-01,CH-AG,2021-03-30,meth
585,586,0.0,2004-01-01,CH-AG,2021-03-26,meth
586,587,0.0,2004-02-01,CH-AG,2021-03-26,meth
587,588,0.0,2004-03-01,CH-AG,2021-03-26,meth
588,589,0.0,2004-04-01,CH-AG,2021-03-26,meth
589,590,0.0,2004-05-01,CH-AG,2021-03-26,meth
590,591,0.0,2004-06-01,CH-AG,2021-03-26,meth
591,592,0.0,2004-07-01,CH-AG,2021-03-26,meth
592,593,0.0,2004-08-01,CH-AG,2021-03-26,meth
593,594,0.0,2004-09-01,CH-AG,2021-03-26,meth
594,595,0.0,2004-10-01,CH-AG,2021-03-26,meth
595,596,0.0,2004-11-01,CH-AG,2021-03-26,meth
596,597,0.0,2004-12-01,CH-AG,2021-03-26,meth
597,598,0.0,2005-01-01,CH-AG,2021-03-26,meth
598,599,0.0,2005-02-01,CH-AG,2021-03-26,meth
599,600,0.0,2005-03-01,CH-AG,2021-03-26,meth
600,601,0.0,2005-04-01,CH-AG,2021-03-26,meth
601,602,0.0,2005-05-01,CH-AG,2021-03-26,meth
602,603,0.0,2005-06-01,CH-AG,2021-03-26,meth
603,604,0.0,2005-07-01,CH-AG,2021-03-26,meth
604,605,0.0,2005-08-01,CH-AG,2021-03-26,meth
605,606,0.0,2005-09-01,CH-AG,2021-03-26,meth
606,607,0.0,2005-10-01,CH-AG,2021-03-26,meth
607,608,0.0,2005-11-01,CH-AG,2021-03-26,meth
608,609,0.0,2005-12-01,CH-AG,2021-03-26,meth
609,610,0.0,2006-01-01,CH-AG,2021-03-26,meth
610,611,0.0,2006-02-01,CH-AG,2021-03-26,meth
611,612,0.0,2006-03-01,CH-AG,2021-03-26,meth
612,613,0.0,2006-04-01,CH-AG,2021-03-26,meth
613,614,0.0,2006-05-01,CH-AG,2021-03-26,meth
614,615,0.0,2006-06-01,CH-AG,2021-03-26,meth
615,616,0.0,2006-07-01,CH-AG,2021-03-26,meth
616,617,0.0,2006-08-01,CH-AG,2021-03-26,meth
617,618,0.0,2006-09-01,CH-AG,2021-03-26,meth
618,619,0.0,2006-10-01,CH-AG,2021-03-26,meth
619,620,0.0,2006-11-01,CH-AG,2021-03-26,meth
620,621,0.0,2006-12-01,CH-AG,2021-03-26,meth
621,622,0.0,2007-01-01,CH-AG,2021-03-26,meth
622,623,0.0,2007-02-01,CH-AG,2021-03-26,meth
623,624,0.0,2007-03-01,CH-AG,2021-03-26,meth
624,625,0.0,2007-04-01,CH-AG,2021-03-26,meth
625,626,0.0,2007-05-01,CH-AG,2021-03-26,meth
626,627,0.0,2007-06-01,CH-AG,2021-03-26,meth
627,628,0.0,2007-07-01,CH-AG,2021-03-26,meth
628,629,0.0,2007-08-01,CH-AG,2021-03-26,meth
629,630,0.0,2007-09-01,CH-AG,2021-03-26,meth
630,631,0.0,2007-10-01,CH-AG,2021-03-26,meth
631,632,0.0,2007-11-01,CH-AG,2021-03-26,meth
632,633,0.0,2007-12-01,CH-AG,2021-03-26,meth
633,634,0.0,2008-01-01,CH-AG,2021-03-26,meth
634,635,100.0,2008-02-01,CH-AG,2021-03-26,meth
635,636,0.0,2008-03-01,CH-AG,2021-03-26,meth
636,637,0.0,2008-04-01,CH-AG,2021-03-26,meth
637,638,0.0,2008-05-01,CH-AG,2021-03-26,meth
638,639,0.0,2008-06-01,CH-AG,2021-03-26,meth
639,640,0.0,2008-07-01,CH-AG,2021-03-26,meth
640,641,0.0,2008-08-01,CH-AG,2021-03-26,meth
641,642,0.0,2008-09-01,CH-AG,2021-03-26,meth
642,643,0.0,2008-10-01,CH-AG,2021-03-26,meth
643,644,0.0,2008-11-01,CH-AG,2021-03-26,meth
644,645,0.0,2008-12-01,CH-AG,2021-03-26,meth
645,646,0.0,2009-01-01,CH-AG,2021-03-26,meth
646,647,0.0,2009-02-01,CH-AG,2021-03-26,meth
647,648,0.0,2009-03-01,CH-AG,2021-03-26,meth
648,649,0.0,2009-04-01,CH-AG,2021-03-26,meth
649,650,0.0,2009-05-01,CH-AG,2021-03-26,meth
650,651,0.0,2009-06-01,CH-AG,2021-03-26,meth
651,652,0.0,2009-07-01,CH-AG,2021-03-26,meth
652,653,0.0,2009-08-01,CH-AG,2021-03-26,meth
653,654,0.0,2009-09-01,CH-AG,2021-03-26,meth
654,655,0.0,2009-10-01,CH-AG,2021-03-26,meth
655,656,0.0,2009-11-01,CH-AG,2021-03-26,meth
656,657,0.0,2009-12-01,CH-AG,2021-03-26,meth
657,658,0.0,2010-01-01,CH-AG,2021-03-26,meth
658,659,73.0,2010-02-01,CH-AG,2021-03-26,meth
659,660,0.0,2010-03-01,CH-AG,2021-03-26,meth
660,661,0.0,2010-04-01,CH-AG,2021-03-26,meth
661,662,0.0,2010-05-01,CH-AG,2021-03-26,meth
662,663,0.0,2010-06-01,CH-AG,2021-03-26,meth
663,664,0.0,2010-07-01,CH-AG,2021-03-26,meth
664,665,0.0,2010-08-01,CH-AG,2021-03-26,meth
665,666,0.0,2010-09-01,CH-AG,2021-03-26,meth
666,667,67.0,2010-10-01,CH-AG,2021-03-26,meth
667,668,0.0,2010-11-01,CH-AG,2021-03-26,meth
668,669,0.0,2010-12-01,CH-AG,2021-03-26,meth
669,670,9.0,2011-01-01,CH-AG,2021-03-26,meth
670,671,0.0,2011-02-01,CH-AG,2021-03-26,meth
671,672,0.0,2011-03-01,CH-AG,2021-03-26,meth
672,673,9.0,2011-04-01,CH-AG,2021-03-26,meth
673,674,10.0,2011-05-01,CH-AG,2021-03-26,meth
674,675,0.0,2011-06-01,CH-AG,2021-03-26,meth
675,676,14.0,2011-07-01,CH-AG,2021-03-26,meth
676,677,0.0,2011-08-01,CH-AG,2021-03-26,meth
677,678,8.0,2011-09-01,CH-AG,2021-03-26,meth
678,679,0.0,2011-10-01,CH-AG,2021-03-26,meth
679,680,0.0,2011-11-01,CH-AG,2021-03-26,meth
680,681,0.0,2011-12-01,CH-AG,2021-03-26,meth
681,682,10.0,2012-01-01,CH-AG,2021-03-26,meth
682,683,0.0,2012-02-01,CH-AG,2021-03-26,meth
683,684,0.0,2012-03-01,CH-AG,2021-03-26,meth
684,685,0.0,2012-04-01,CH-AG,2021-03-26,meth
685,686,0.0,2012-05-01,CH-AG,2021-03-26,meth
686,687,0.0,2012-06-01,CH-AG,2021-03-26,meth
687,688,11.0,2012-07-01,CH-AG,2021-03-26,meth
688,689,0.0,2012-08-01,CH-AG,2021-03-26,meth
689,690,0.0,2012-09-01,CH-AG,2021-03-26,meth
690,691,9.0,2012-10-01,CH-AG,2021-03-26,meth
691,692,0.0,2012-11-01,CH-AG,2021-03-26,meth
692,693,20.0,2012-12-01,CH-AG,2021-03-26,meth
693,694,9.0,2013-01-01,CH-AG,2021-03-26,meth
694,695,10.0,2013-02-01,CH-AG,2021-03-26,meth
695,696,0.0,2013-03-01,CH-AG,2021-03-26,meth
696,697,16.0,2013-04-01,CH-AG,2021-03-26,meth
697,698,8.0,2013-05-01,CH-AG,2021-03-26,meth
698,699,8.0,2013-06-01,CH-AG,2021-03-26,meth
699,700,0.0,2013-07-01,CH-AG,2021-03-26,meth
700,701,0.0,2013-08-01,CH-AG,2021-03-26,meth
701,702,16.0,2013-09-01,CH-AG,2021-03-26,meth
702,703,16.0,2013-10-01,CH-AG,2021-03-26,meth
703,704,8.0,2013-11-01,CH-AG,2021-03-26,meth
704,705,16.0,2013-12-01,CH-AG,2021-03-26,meth
705,706,7.0,2014-01-01,CH-AG,2021-03-26,meth
706,707,0.0,2014-02-01,CH-AG,2021-03-26,meth
707,708,21.0,2014-03-01,CH-AG,2021-03-26,meth
708,709,0.0,2014-04-01,CH-AG,2021-03-26,meth
709,710,23.0,2014-05-01,CH-AG,2021-03-26,meth
710,711,0.0,2014-06-01,CH-AG,2021-03-26,meth
711,712,9.0,2014-07-01,CH-AG,2021-03-26,meth
712,713,0.0,2014-08-01,CH-AG,2021-03-26,meth
713,714,0.0,2014-09-01,CH-AG,2021-03-26,meth
714,715,8.0,2014-10-01,CH-AG,2021-03-26,meth
715,716,8.0,2014-11-01,CH-AG,2021-03-26,meth
716,717,9.0,2014-12-01,CH-AG,2021-03-26,meth
717,718,15.0,2015-01-01,CH-AG,2021-03-26,meth
718,719,9.0,2015-02-01,CH-AG,2021-03-26,meth
719,720,0.0,2015-03-01,CH-AG,2021-03-26,meth
720,721,8.0,2015-04-01,CH-AG,2021-03-26,meth
721,722,8.0,2015-05-01,CH-AG,2021-03-26,meth
722,723,9.0,2015-06-01,CH-AG,2021-03-26,meth
723,724,0.0,2015-07-01,CH-AG,2021-03-26,meth
724,725,0.0,2015-08-01,CH-AG,2021-03-26,meth
725,726,18.0,2015-09-01,CH-AG,2021-03-26,meth
726,727,9.0,2015-10-01,CH-AG,2021-03-26,meth
727,728,18.0,2015-11-01,CH-AG,2021-03-26,meth
728,729,0.0,2015-12-01,CH-AG,2021-03-26,meth
729,730,7.0,2016-01-01,CH-AG,2021-03-26,meth
730,731,7.0,2016-02-01,CH-AG,2021-03-26,meth
731,732,0.0,2004-01-01,CH-AG,2021-03-29,meth
732,733,0.0,2004-02-01,CH-AG,2021-03-29,meth
733,734,0.0,2004-03-01,CH-AG,2021-03-29,meth
734,735,0.0,2004-04-01,CH-AG,2021-03-29,meth
735,736,0.0,2004-05-01,CH-AG,2021-03-29,meth
736,737,0.0,2004-06-01,CH-AG,2021-03-29,meth
737,738,0.0,2004-07-01,CH-AG,2021-03-29,meth
738,739,0.0,2004-08-01,CH-AG,2021-03-29,meth
739,740,0.0,2004-09-01,CH-AG,2021-03-29,meth
740,741,0.0,2004-10-01,CH-AG,2021-03-29,meth
741,742,0.0,2004-11-01,CH-AG,2021-03-29,meth
742,743,0.0,2004-12-01,CH-AG,2021-03-29,meth
743,744,0.0,2005-01-01,CH-AG,2021-03-29,meth
744,745,0.0,2005-02-01,CH-AG,2021-03-29,meth
745,746,0.0,2005-03-01,CH-AG,2021-03-29,meth
746,747,0.0,2005-04-01,CH-AG,2021-03-29,meth
747,748,0.0,2005-05-01,CH-AG,2021-03-29,meth
748,749,0.0,2005-06-01,CH-AG,2021-03-29,meth
749,750,0.0,2005-07-01,CH-AG,2021-03-29,meth
750,751,0.0,2005-08-01,CH-AG,2021-03-29,meth
751,752,0.0,2005-09-01,CH-AG,2021-03-29,meth
752,753,0.0,2005-10-01,CH-AG,2021-03-29,meth
753,754,0.0,2005-11-01,CH-AG,2021-03-29,meth
754,755,0.0,2005-12-01,CH-AG,2021-03-29,meth
755,756,0.0,2006-01-01,CH-AG,2021-03-29,meth
756,757,0.0,2006-02-01,CH-AG,2021-03-29,meth
757,758,0.0,2006-03-01,CH-AG,2021-03-29,meth
758,759,0.0,2006-04-01,CH-AG,2021-03-29,meth
759,760,0.0,2006-05-01,CH-AG,2021-03-29,meth
760,761,0.0,2006-06-01,CH-AG,2021-03-29,meth
761,762,0.0,2006-07-01,CH-AG,2021-03-29,meth
762,763,0.0,2006-08-01,CH-AG,2021-03-29,meth
763,764,0.0,2006-09-01,CH-AG,2021-03-29,meth
764,765,0.0,2006-10-01,CH-AG,2021-03-29,meth
765,766,0.0,2006-11-01,CH-AG,2021-03-29,meth
766,767,0.0,2006-12-01,CH-AG,2021-03-29,meth
767,768,0.0,2007-01-01,CH-AG,2021-03-29,meth
768,769,0.0,2007-02-01,CH-AG,2021-03-29,meth
769,770,0.0,2007-03-01,CH-AG,2021-03-29,meth
770,771,0.0,2007-04-01,CH-AG,2021-03-29,meth
771,772,0.0,2007-05-01,CH-AG,2021-03-29,meth
772,773,0.0,2007-06-01,CH-AG,2021-03-29,meth
773,774,0.0,2007-07-01,CH-AG,2021-03-29,meth
774,775,0.0,2007-08-01,CH-AG,2021-03-29,meth
775,776,0.0,2007-09-01,CH-AG,2021-03-29,meth
776,777,0.0,2007-10-01,CH-AG,2021-03-29,meth
777,778,0.0,2007-11-01,CH-AG,2021-03-29,meth
778,779,0.0,2007-12-01,CH-AG,2021-03-29,meth
779,780,0.0,2008-01-01,CH-AG,2021-03-29,meth
780,781,0.0,2008-02-01,CH-AG,2021-03-29,meth
781,782,0.0,2008-03-01,CH-AG,2021-03-29,meth
782,783,0.0,2008-04-01,CH-AG,2021-03-29,meth
783,784,0.0,2008-05-01,CH-AG,2021-03-29,meth
784,785,0.0,2008-06-01,CH-AG,2021-03-29,meth
785,786,0.0,2008-07-01,CH-AG,2021-03-29,meth
786,787,0.0,2008-08-01,CH-AG,2021-03-29,meth
787,788,0.0,2008-09-01,CH-AG,2021-03-29,meth
788,789,0.0,2008-10-01,CH-AG,2021-03-29,meth
789,790,0.0,2008-11-01,CH-AG,2021-03-29,meth
790,791,0.0,2008-12-01,CH-AG,2021-03-29,meth
791,792,0.0,2009-01-01,CH-AG,2021-03-29,meth
792,793,0.0,2009-02-01,CH-AG,2021-03-29,meth
793,794,0.0,2009-03-01,CH-AG,2021-03-29,meth
794,795,0.0,2009-04-01,CH-AG,2021-03-29,meth
795,796,0.0,2009-05-01,CH-AG,2021-03-29,meth
796,797,0.0,2009-06-01,CH-AG,2021-03-29,meth
797,798,0.0,2009-07-01,CH-AG,2021-03-29,meth
798,799,0.0,2009-08-01,CH-AG,2021-03-29,meth
799,800,0.0,2009-09-01,CH-AG,2021-03-29,meth
800,801,0.0,2009-10-01,CH-AG,2021-03-29,meth
801,802,0.0,2009-11-01,CH-AG,2021-03-29,meth
802,803,0.0,2009-12-01,CH-AG,2021-03-29,meth
803,804,0.0,2010-01-01,CH-AG,2021-03-29,meth
804,805,0.0,2010-02-01,CH-AG,2021-03-29,meth
805,806,0.0,2010-03-01,CH-AG,2021-03-29,meth
806,807,0.0,2010-04-01,CH-AG,2021-03-29,meth
807,808,0.0,2010-05-01,CH-AG,2021-03-29,meth
808,809,0.0,2010-06-01,CH-AG,2021-03-29,meth
809,810,0.0,2010-07-01,CH-AG,2021-03-29,meth
810,811,0.0,2010-08-01,CH-AG,2021-03-29,meth
811,812,0.0,2010-09-01,CH-AG,2021-03-29,meth
812,813,0.0,2010-10-01,CH-AG,2021-03-29,meth
813,814,0.0,2010-11-01,CH-AG,2021-03-29,meth
814,815,0.0,2010-12-01,CH-AG,2021-03-29,meth
815,816,33.0,2011-01-01,CH-AG,2021-03-29,meth
816,817,0.0,2011-02-01,CH-AG,2021-03-29,meth
817,818,0.0,2011-03-01,CH-AG,2021-03-29,meth
818,819,33.0,2011-04-01,CH-AG,2021-03-29,meth
819,820,0.0,2011-05-01,CH-AG,2021-03-29,meth
820,821,0.0,2011-06-01,CH-AG,2021-03-29,meth
821,822,100.0,2011-07-01,CH-AG,2021-03-29,meth
822,823,0.0,2011-08-01,CH-AG,2021-03-29,meth
823,824,0.0,2011-09-01,CH-AG,2021-03-29,meth
824,825,0.0,2011-10-01,CH-AG,2021-03-29,meth
825,826,0.0,2011-11-01,CH-AG,2021-03-29,meth
826,827,43.0,2011-12-01,CH-AG,2021-03-29,meth
827,828,0.0,2012-01-01,CH-AG,2021-03-29,meth
828,829,0.0,2012-02-01,CH-AG,2021-03-29,meth
829,830,39.0,2012-03-01,CH-AG,2021-03-29,meth
830,831,38.0,2012-04-01,CH-AG,2021-03-29,meth
831,832,0.0,2012-05-01,CH-AG,2021-03-29,meth
832,833,0.0,2012-06-01,CH-AG,2021-03-29,meth
833,834,80.0,2012-07-01,CH-AG,2021-03-29,meth
834,835,0.0,2012-08-01,CH-AG,2021-03-29,meth
835,836,0.0,2012-09-01,CH-AG,2021-03-29,meth
836,837,34.0,2012-10-01,CH-AG,2021-03-29,meth
837,838,0.0,2012-11-01,CH-AG,2021-03-29,meth
838,839,0.0,2012-12-01,CH-AG,2021-03-29,meth
839,840,34.0,2013-01-01,CH-AG,2021-03-29,meth
840,841,38.0,2013-02-01,CH-AG,2021-03-29,meth
841,842,0.0,2013-03-01,CH-AG,2021-03-29,meth
842,843,0.0,2013-04-01,CH-AG,2021-03-29,meth
843,844,0.0,2013-05-01,CH-AG,2021-03-29,meth
844,845,0.0,2013-06-01,CH-AG,2021-03-29,meth
845,846,0.0,2013-07-01,CH-AG,2021-03-29,meth
846,847,0.0,2013-08-01,CH-AG,2021-03-29,meth
847,848,89.0,2013-09-01,CH-AG,2021-03-29,meth
848,849,88.0,2013-10-01,CH-AG,2021-03-29,meth
849,850,29.0,2013-11-01,CH-AG,2021-03-29,meth
850,851,88.0,2013-12-01,CH-AG,2021-03-29,meth
851,852,52.0,2014-01-01,CH-AG,2021-03-29,meth
852,853,30.0,2014-02-01,CH-AG,2021-03-29,meth
853,854,27.0,2014-03-01,CH-AG,2021-03-29,meth
854,855,0.0,2014-04-01,CH-AG,2021-03-29,meth
855,856,27.0,2014-05-01,CH-AG,2021-03-29,meth
856,857,0.0,2014-06-01,CH-AG,2021-03-29,meth
857,858,35.0,2014-07-01,CH-AG,2021-03-29,meth
858,859,0.0,2014-08-01,CH-AG,2021-03-29,meth
859,860,0.0,2014-09-01,CH-AG,2021-03-29,meth
860,861,0.0,2014-10-01,CH-AG,2021-03-29,meth
861,862,62.0,2014-11-01,CH-AG,2021-03-29,meth
862,863,0.0,2014-12-01,CH-AG,2021-03-29,meth
863,864,29.0,2015-01-01,CH-AG,2021-03-29,meth
864,865,0.0,2015-02-01,CH-AG,2021-03-29,meth
865,866,0.0,2015-03-01,CH-AG,2021-03-29,meth
866,867,31.0,2015-04-01,CH-AG,2021-03-29,meth
867,868,31.0,2015-05-01,CH-AG,2021-03-29,meth
868,869,0.0,2015-06-01,CH-AG,2021-03-29,meth
869,870,0.0,2015-07-01,CH-AG,2021-03-29,meth
870,871,0.0,2015-08-01,CH-AG,2021-03-29,meth
871,872,69.0,2015-09-01,CH-AG,2021-03-29,meth
872,873,100.0,2015-10-01,CH-AG,2021-03-29,meth
873,874,0.0,2015-11-01,CH-AG,2021-03-29,meth
874,875,0.0,2015-12-01,CH-AG,2021-03-29,meth
875,876,26.0,2016-01-01,CH-AG,2021-03-29,meth
876,877,0.0,2016-02-01,CH-AG,2021-03-29,meth
877,878,0.0,2004-01-01,CH-AG,2021-03-28,meth
878,879,0.0,2004-02-01,CH-AG,2021-03-28,meth
879,880,0.0,2004-03-01,CH-AG,2021-03-28,meth
880,881,0.0,2004-04-01,CH-AG,2021-03-28,meth
881,882,0.0,2004-05-01,CH-AG,2021-03-28,meth
882,883,0.0,2004-06-01,CH-AG,2021-03-28,meth
883,884,0.0,2004-07-01,CH-AG,2021-03-28,meth
884,885,0.0,2004-08-01,CH-AG,2021-03-28,meth
885,886,0.0,2004-09-01,CH-AG,2021-03-28,meth
886,887,0.0,2004-10-01,CH-AG,2021-03-28,meth
887,888,0.0,2004-11-01,CH-AG,2021-03-28,meth
888,889,0.0,2004-12-01,CH-AG,2021-03-28,meth
889,890,0.0,2005-01-01,CH-AG,2021-03-28,meth
890,891,0.0,2005-02-01,CH-AG,2021-03-28,meth
891,892,0.0,2005-03-01,CH-AG,2021-03-28,meth
892,893,0.0,2005-04-01,CH-AG,2021-03-28,meth
893,894,0.0,2005-05-01,CH-AG,2021-03-28,meth
894,895,0.0,2005-06-01,CH-AG,2021-03-28,meth
895,896,0.0,2005-07-01,CH-AG,2021-03-28,meth
896,897,0.0,2005-08-01,CH-AG,2021-03-28,meth
897,898,0.0,2005-09-01,CH-AG,2021-03-28,meth
898,899,0.0,2005-10-01,CH-AG,2021-03-28,meth
899,900,0.0,2005-11-01,CH-AG,2021-03-28,meth
900,901,0.0,2005-12-01,CH-AG,2021-03-28,meth
901,902,0.0,2006-01-01,CH-AG,2021-03-28,meth
902,903,0.0,2006-02-01,CH-AG,2021-03-28,meth
903,904,0.0,2006-03-01,CH-AG,2021-03-28,meth
904,905,0.0,2006-04-01,CH-AG,2021-03-28,meth
905,906,0.0,2006-05-01,CH-AG,2021-03-28,meth
906,907,0.0,2006-06-01,CH-AG,2021-03-28,meth
907,908,0.0,2006-07-01,CH-AG,2021-03-28,meth
908,909,0.0,2006-08-01,CH-AG,2021-03-28,meth
909,910,0.0,2006-09-01,CH-AG,2021-03-28,meth
910,911,0.0,2006-10-01,CH-AG,2021-03-28,meth
911,912,0.0,2006-11-01,CH-AG,2021-03-28,meth
912,913,0.0,2006-12-01,CH-AG,2021-03-28,meth
913,914,0.0,2007-01-01,CH-AG,2021-03-28,meth
914,915,0.0,2007-02-01,CH-AG,2021-03-28,meth
915,916,0.0,2007-03-01,CH-AG,2021-03-28,meth
916,917,0.0,2007-04-01,CH-AG,2021-03-28,meth
917,918,0.0,2007-05-01,CH-AG,2021-03-28,meth
918,919,0.0,2007-06-01,CH-AG,2021-03-28,meth
919,920,0.0,2007-07-01,CH-AG,2021-03-28,meth
920,921,0.0,2007-08-01,CH-AG,2021-03-28,meth
921,922,0.0,2007-09-01,CH-AG,2021-03-28,meth
922,923,0.0,2007-10-01,CH-AG,2021-03-28,meth
923,924,0.0,2007-11-01,CH-AG,2021-03-28,meth
924,925,0.0,2007-12-01,CH-AG,2021-03-28,meth
925,926,0.0,2008-01-01,CH-AG,2021-03-28,meth
926,927,100.0,2008-02-01,CH-AG,2021-03-28,meth
927,928,0.0,2008-03-01,CH-AG,2021-03-28,meth
928,929,0.0,2008-04-01,CH-AG,2021-03-28,meth
929,930,0.0,2008-05-01,CH-AG,2021-03-28,meth
930,931,0.0,2008-06-01,CH-AG,2021-03-28,meth
931,932,0.0,2008-07-01,CH-AG,2021-03-28,meth
932,933,0.0,2008-08-01,CH-AG,2021-03-28,meth
933,934,0.0,2008-09-01,CH-AG,2021-03-28,meth
934,935,0.0,2008-10-01,CH-AG,2021-03-28,meth
935,936,0.0,2008-11-01,CH-AG,2021-03-28,meth
936,937,0.0,2008-12-01,CH-AG,2021-03-28,meth
937,938,0.0,2009-01-01,CH-AG,2021-03-28,meth
938,939,0.0,2009-02-01,CH-AG,2021-03-28,meth
939,940,0.0,2009-03-01,CH-AG,2021-03-28,meth
940,941,0.0,2009-04-01,CH-AG,2021-03-28,meth
941,942,0.0,2009-05-01,CH-AG,2021-03-28,meth
942,943,0.0,2009-06-01,CH-AG,2021-03-28,meth
943,944,0.0,2009-07-01,CH-AG,2021-03-28,meth
944,945,0.0,2009-08-01,CH-AG,2021-03-28,meth
945,946,0.0,2009-09-01,CH-AG,2021-03-28,meth
946,947,0.0,2009-10-01,CH-AG,2021-03-28,meth
947,948,0.0,2009-11-01,CH-AG,2021-03-28,meth
948,949,0.0,2009-12-01,CH-AG,2021-03-28,meth
949,950,0.0,2010-01-01,CH-AG,2021-03-28,meth
950,951,0.0,2010-02-01,CH-AG,2021-03-28,meth
951,952,0.0,2010-03-01,CH-AG,2021-03-28,meth
952,953,0.0,2010-04-01,CH-AG,2021-03-28,meth
953,954,0.0,2010-05-01,CH-AG,2021-03-28,meth
954,955,0.0,2010-06-01,CH-AG,2021-03-28,meth
955,956,0.0,2010-07-01,CH-AG,2021-03-28,meth
956,957,0.0,2010-08-01,CH-AG,2021-03-28,meth
957,958,0.0,2010-09-01,CH-AG,2021-03-28,meth
958,959,0.0,2010-10-01,CH-AG,2021-03-28,meth
959,960,0.0,2010-11-01,CH-AG,2021-03-28,meth
960,961,0.0,2010-12-01,CH-AG,2021-03-28,meth
961,962,9.0,2011-01-01,CH-AG,2021-03-28,meth
962,963,0.0,2011-02-01,CH-AG,2021-03-28,meth
963,964,0.0,2011-03-01,CH-AG,2021-03-28,meth
964,965,9.0,2011-04-01,CH-AG,2021-03-28,meth
965,966,10.0,2011-05-01,CH-AG,2021-03-28,meth
966,967,0.0,2011-06-01,CH-AG,2021-03-28,meth
967,968,0.0,2011-07-01,CH-AG,2021-03-28,meth
968,969,0.0,2011-08-01,CH-AG,2021-03-28,meth
969,970,9.0,2011-09-01,CH-AG,2021-03-28,meth
970,971,0.0,2011-10-01,CH-AG,2021-03-28,meth
971,972,0.0,2011-11-01,CH-AG,2021-03-28,meth
972,973,0.0,2011-12-01,CH-AG,2021-03-28,meth
973,974,10.0,2012-01-01,CH-AG,2021-03-28,meth
974,975,0.0,2012-02-01,CH-AG,2021-03-28,meth
975,976,0.0,2012-03-01,CH-AG,2021-03-28,meth
976,977,0.0,2012-04-01,CH-AG,2021-03-28,meth
977,978,0.0,2012-05-01,CH-AG,2021-03-28,meth
978,979,0.0,2012-06-01,CH-AG,2021-03-28,meth
979,980,0.0,2012-07-01,CH-AG,2021-03-28,meth
980,981,10.0,2012-08-01,CH-AG,2021-03-28,meth
981,982,10.0,2012-09-01,CH-AG,2021-03-28,meth
982,983,0.0,2012-10-01,CH-AG,2021-03-28,meth
983,984,0.0,2012-11-01,CH-AG,2021-03-28,meth
984,985,0.0,2012-12-01,CH-AG,2021-03-28,meth
985,986,9.0,2013-01-01,CH-AG,2021-03-28,meth
986,987,0.0,2013-02-01,CH-AG,2021-03-28,meth
987,988,0.0,2013-03-01,CH-AG,2021-03-28,meth
988,989,8.0,2013-04-01,CH-AG,2021-03-28,meth
989,990,0.0,2013-05-01,CH-AG,2021-03-28,meth
990,991,9.0,2013-06-01,CH-AG,2021-03-28,meth
991,992,20.0,2013-07-01,CH-AG,2021-03-28,meth
992,993,0.0,2013-08-01,CH-AG,2021-03-28,meth
993,994,24.0,2013-09-01,CH-AG,2021-03-28,meth
994,995,8.0,2013-10-01,CH-AG,2021-03-28,meth
995,996,8.0,2013-11-01,CH-AG,2021-03-28,meth
996,997,16.0,2013-12-01,CH-AG,2021-03-28,meth
997,998,22.0,2014-01-01,CH-AG,2021-03-28,meth
998,999,0.0,2014-02-01,CH-AG,2021-03-28,meth
999,1000,0.0,2014-03-01,CH-AG,2021-03-28,meth
1000,1001,15.0,2014-04-01,CH-AG,2021-03-28,meth
1001,1002,31.0,2014-05-01,CH-AG,2021-03-28,meth
1002,1003,9.0,2014-06-01,CH-AG,2021-03-28,meth
1003,1004,0.0,2014-07-01,CH-AG,2021-03-28,meth
1004,1005,0.0,2014-08-01,CH-AG,2021-03-28,meth
1005,1006,18.0,2014-09-01,CH-AG,2021-03-28,meth
1006,1007,0.0,2014-10-01,CH-AG,2021-03-28,meth
1007,1008,9.0,2014-11-01,CH-AG,2021-03-28,meth
1008,1009,9.0,2014-12-01,CH-AG,2021-03-28,meth
1009,1010,8.0,2015-01-01,CH-AG,2021-03-28,meth
1010,1011,0.0,2015-02-01,CH-AG,2021-03-28,meth
1011,1012,0.0,2015-03-01,CH-AG,2021-03-28,meth
1012,1013,9.0,2015-04-01,CH-AG,2021-03-28,meth
1013,1014,0.0,2015-05-01,CH-AG,2021-03-28,meth
1014,1015,9.0,2015-06-01,CH-AG,2021-03-28,meth
1015,1016,0.0,2015-07-01,CH-AG,2021-03-28,meth
1016,1017,0.0,2015-08-01,CH-AG,2021-03-28,meth
1017,1018,9.0,2015-09-01,CH-AG,2021-03-28,meth
1018,1019,28.0,2015-10-01,CH-AG,2021-03-28,meth
1019,1020,9.0,2015-11-01,CH-AG,2021-03-28,meth
1020,1021,0.0,2015-12-01,CH-AG,2021-03-28,meth
1021,1022,0.0,2016-01-01,CH-AG,2021-03-28,meth
1022,1023,7.0,2016-02-01,CH-AG,2021-03-28,meth
1023,1024,0.0,2004-01-01,CH-AG,2021-05-26,meth
1024,1025,0.0,2004-02-01,CH-AG,2021-05-26,meth
1025,1026,0.0,2004-03-01,CH-AG,2021-05-26,meth
1026,1027,0.0,2004-04-01,CH-AG,2021-05-26,meth
1027,1028,0.0,2004-05-01,CH-AG,2021-05-26,meth
1028,1029,0.0,2004-06-01,CH-AG,2021-05-26,meth
1029,1030,0.0,2004-07-01,CH-AG,2021-05-26,meth
1030,1031,0.0,2004-08-01,CH-AG,2021-05-26,meth
1031,1032,0.0,2004-09-01,CH-AG,2021-05-26,meth
1032,1033,0.0,2004-10-01,CH-AG,2021-05-26,meth
1033,1034,0.0,2004-11-01,CH-AG,2021-05-26,meth
1034,1035,0.0,2004-12-01,CH-AG,2021-05-26,meth
1035,1036,0.0,2005-01-01,CH-AG,2021-05-26,meth
1036,1037,0.0,2005-02-01,CH-AG,2021-05-26,meth
1037,1038,0.0,2005-03-01,CH-AG,2021-05-26,meth
1038,1039,0.0,2005-04-01,CH-AG,2021-05-26,meth
1039,1040,0.0,2005-05-01,CH-AG,2021-05-26,meth
1040,1041,0.0,2005-06-01,CH-AG,2021-05-26,meth
1041,1042,0.0,2005-07-01,CH-AG,2021-05-26,meth
1042,1043,0.0,2005-08-01,CH-AG,2021-05-26,meth
1043,1044,0.0,2005-09-01,CH-AG,2021-05-26,meth
1044,1045,0.0,2005-10-01,CH-AG,2021-05-26,meth
1045,1046,0.0,2005-11-01,CH-AG,2021-05-26,meth
1046,1047,0.0,2005-12-01,CH-AG,2021-05-26,meth
1047,1048,0.0,2006-01-01,CH-AG,2021-05-26,meth
1048,1049,0.0,2006-02-01,CH-AG,2021-05-26,meth
1049,1050,0.0,2006-03-01,CH-AG,2021-05-26,meth
1050,1051,0.0,2006-04-01,CH-AG,2021-05-26,meth
1051,1052,0.0,2006-05-01,CH-AG,2021-05-26,meth
1052,1053,0.0,2006-06-01,CH-AG,2021-05-26,meth
1053,1054,0.0,2006-07-01,CH-AG,2021-05-26,meth
1054,1055,0.0,2006-08-01,CH-AG,2021-05-26,meth
1055,1056,0.0,2006-09-01,CH-AG,2021-05-26,meth
1056,1057,0.0,2006-10-01,CH-AG,2021-05-26,meth
1057,1058,0.0,2006-11-01,CH-AG,2021-05-26,meth
1058,1059,0.0,2006-12-01,CH-AG,2021-05-26,meth
1059,1060,0.0,2007-01-01,CH-AG,2021-05-26,meth
1060,1061,0.0,2007-02-01,CH-AG,2021-05-26,meth
1061,1062,0.0,2007-03-01,CH-AG,2021-05-26,meth
1062,1063,0.0,2007-04-01,CH-AG,2021-05-26,meth
1063,1064,0.0,2007-05-01,CH-AG,2021-05-26,meth
1064,1065,0.0,2007-06-01,CH-AG,2021-05-26,meth
1065,1066,0.0,2007-07-01,CH-AG,2021-05-26,meth
1066,1067,0.0,2007-08-01,CH-AG,2021-05-26,meth
1067,1068,0.0,2007-09-01,CH-AG,2021-05-26,meth
1068,1069,0.0,2007-10-01,CH-AG,2021-05-26,meth
1069,1070,0.0,2007-11-01,CH-AG,2021-05-26,meth
1070,1071,0.0,2007-12-01,CH-AG,2021-05-26,meth
1071,1072,0.0,2008-01-01,CH-AG,2021-05-26,meth
1072,1073,0.0,2008-02-01,CH-AG,2021-05-26,meth
1073,1074,0.0,2008-03-01,CH-AG,2021-05-26,meth
1074,1075,0.0,2008-04-01,CH-AG,2021-05-26,meth
1075,1076,0.0,2008-05-01,CH-AG,2021-05-26,meth
1076,1077,0.0,2008-06-01,CH-AG,2021-05-26,meth
1077,1078,0.0,2008-07-01,CH-AG,2021-05-26,meth
1078,1079,0.0,2008-08-01,CH-AG,2021-05-26,meth
1079,1080,0.0,2008-09-01,CH-AG,2021-05-26,meth
1080,1081,0.0,2008-10-01,CH-AG,2021-05-26,meth
1081,1082,0.0,2008-11-01,CH-AG,2021-05-26,meth
1082,1083,0.0,2008-12-01,CH-AG,2021-05-26,meth
1083,1084,0.0,2009-01-01,CH-AG,2021-05-26,meth
1084,1085,0.0,2009-02-01,CH-AG,2021-05-26,meth
1085,1086,0.0,2009-03-01,CH-AG,2021-05-26,meth
1086,1087,0.0,2009-04-01,CH-AG,2021-05-26,meth
1087,1088,0.0,2009-05-01,CH-AG,2021-05-26,meth
1088,1089,0.0,2009-06-01,CH-AG,2021-05-26,meth
1089,1090,0.0,2009-07-01,CH-AG,2021-05-26,meth
1090,1091,0.0,2009-08-01,CH-AG,2021-05-26,meth
1091,1092,0.0,2009-09-01,CH-AG,2021-05-26,meth
1092,1093,0.0,2009-10-01,CH-AG,2021-05-26,meth
1093,1094,0.0,2009-11-01,CH-AG,2021-05-26,meth
1094,1095,0.0,2009-12-01,CH-AG,2021-05-26,meth
1095,1096,0.0,2010-01-01,CH-AG,2021-05-26,meth
1096,1097,0.0,2010-02-01,CH-AG,2021-05-26,meth
1097,1098,0.0,2010-03-01,CH-AG,2021-05-26,meth
1098,1099,0.0,2010-04-01,CH-AG,2021-05-26,meth
1099,1100,0.0,2010-05-01,CH-AG,2021-05-26,meth
1100,1101,0.0,2010-06-01,CH-AG,2021-05-26,meth
1101,1102,0.0,2010-07-01,CH-AG,2021-05-26,meth
1102,1103,0.0,2010-08-01,CH-AG,2021-05-26,meth
1103,1104,0.0,2010-09-01,CH-AG,2021-05-26,meth
1104,1105,100.0,2010-10-01,CH-AG,2021-05-26,meth
1105,1106,0.0,2010-11-01,CH-AG,2021-05-26,meth
1106,1107,0.0,2010-12-01,CH-AG,2021-05-26,meth
1107,1108,13.0,2011-01-01,CH-AG,2021-05-26,meth
1108,1109,0.0,2011-02-01,CH-AG,2021-05-26,meth
1109,1110,0.0,2011-03-01,CH-AG,2021-05-26,meth
1110,1111,13.0,2011-04-01,CH-AG,2021-05-26,meth
1111,1112,0.0,2011-05-01,CH-AG,2021-05-26,meth
1112,1113,0.0,2011-06-01,CH-AG,2021-05-26,meth
1113,1114,20.0,2011-07-01,CH-AG,2021-05-26,meth
1114,1115,0.0,2011-08-01,CH-AG,2021-05-26,meth
1115,1116,0.0,2011-09-01,CH-AG,2021-05-26,meth
1116,1117,0.0,2011-10-01,CH-AG,2021-05-26,meth
1117,1118,0.0,2011-11-01,CH-AG,2021-05-26,meth
1118,1119,0.0,2011-12-01,CH-AG,2021-05-26,meth
1119,1120,0.0,2012-01-01,CH-AG,2021-05-26,meth
1120,1121,0.0,2012-02-01,CH-AG,2021-05-26,meth
1121,1122,16.0,2012-03-01,CH-AG,2021-05-26,meth
1122,1123,15.0,2012-04-01,CH-AG,2021-05-26,meth
1123,1124,0.0,2012-05-01,CH-AG,2021-05-26,meth
1124,1125,0.0,2012-06-01,CH-AG,2021-05-26,meth
1125,1126,0.0,2012-07-01,CH-AG,2021-05-26,meth
1126,1127,15.0,2012-08-01,CH-AG,2021-05-26,meth
1127,1128,0.0,2012-09-01,CH-AG,2021-05-26,meth
1128,1129,0.0,2012-10-01,CH-AG,2021-05-26,meth
1129,1130,0.0,2012-11-01,CH-AG,2021-05-26,meth
1130,1131,15.0,2012-12-01,CH-AG,2021-05-26,meth
1131,1132,0.0,2013-01-01,CH-AG,2021-05-26,meth
1132,1133,0.0,2013-02-01,CH-AG,2021-05-26,meth
1133,1134,12.0,2013-03-01,CH-AG,2021-05-26,meth
1134,1135,0.0,2013-04-01,CH-AG,2021-05-26,meth
1135,1136,0.0,2013-05-01,CH-AG,2021-05-26,meth
1136,1137,0.0,2013-06-01,CH-AG,2021-05-26,meth
1137,1138,14.0,2013-07-01,CH-AG,2021-05-26,meth
1138,1139,0.0,2013-08-01,CH-AG,2021-05-26,meth
1139,1140,12.0,2013-09-01,CH-AG,2021-05-26,meth
1140,1141,12.0,2013-10-01,CH-AG,2021-05-26,meth
1141,1142,11.0,2013-11-01,CH-AG,2021-05-26,meth
1142,1143,24.0,2013-12-01,CH-AG,2021-05-26,meth
1143,1144,21.0,2014-01-01,CH-AG,2021-05-26,meth
1144,1145,12.0,2014-02-01,CH-AG,2021-05-26,meth
1145,1146,0.0,2014-03-01,CH-AG,2021-05-26,meth
1146,1147,0.0,2014-04-01,CH-AG,2021-05-26,meth
1147,1148,44.0,2014-05-01,CH-AG,2021-05-26,meth
1148,1149,0.0,2014-06-01,CH-AG,2021-05-26,meth
1149,1150,14.0,2014-07-01,CH-AG,2021-05-26,meth
1150,1151,0.0,2014-08-01,CH-AG,2021-05-26,meth
1151,1152,0.0,2014-09-01,CH-AG,2021-05-26,meth
1152,1153,0.0,2014-10-01,CH-AG,2021-05-26,meth
1153,1154,25.0,2014-11-01,CH-AG,2021-05-26,meth
1154,1155,13.0,2014-12-01,CH-AG,2021-05-26,meth
1155,1156,23.0,2015-01-01,CH-AG,2021-05-26,meth
1156,1157,13.0,2015-02-01,CH-AG,2021-05-26,meth
1157,1158,0.0,2015-03-01,CH-AG,2021-05-26,meth
1158,1159,0.0,2015-04-01,CH-AG,2021-05-26,meth
1159,1160,12.0,2015-05-01,CH-AG,2021-05-26,meth
1160,1161,0.0,2015-06-01,CH-AG,2021-05-26,meth
1161,1162,15.0,2015-07-01,CH-AG,2021-05-26,meth
1162,1163,0.0,2015-08-01,CH-AG,2021-05-26,meth
1163,1164,27.0,2015-09-01,CH-AG,2021-05-26,meth
1164,1165,26.0,2015-10-01,CH-AG,2021-05-26,meth
1165,1166,27.0,2015-11-01,CH-AG,2021-05-26,meth
1166,1167,0.0,2015-12-01,CH-AG,2021-05-26,meth
1167,1168,0.0,2016-01-01,CH-AG,2021-05-26,meth
1168,1169,11.0,2016-02-01,CH-AG,2021-05-26,meth
1169,1170,0.0,2004-01-01,CH-AG,2021-05-31,meth
1170,1171,0.0,2004-02-01,CH-AG,2021-05-31,meth
1171,1172,0.0,2004-03-01,CH-AG,2021-05-31,meth
1172,1173,0.0,2004-04-01,CH-AG,2021-05-31,meth
1173,1174,0.0,2004-05-01,CH-AG,2021-05-31,meth
1174,1175,0.0,2004-06-01,CH-AG,2021-05-31,meth
1175,1176,0.0,2004-07-01,CH-AG,2021-05-31,meth
1176,1177,0.0,2004-08-01,CH-AG,2021-05-31,meth
1177,1178,0.0,2004-09-01,CH-AG,2021-05-31,meth
1178,1179,0.0,2004-10-01,CH-AG,2021-05-31,meth
1179,1180,0.0,2004-11-01,CH-AG,2021-05-31,meth
1180,1181,0.0,2004-12-01,CH-AG,2021-05-31,meth
1181,1182,0.0,2005-01-01,CH-AG,2021-05-31,meth
1182,1183,0.0,2005-02-01,CH-AG,2021-05-31,meth
1183,1184,0.0,2005-03-01,CH-AG,2021-05-31,meth
1184,1185,0.0,2005-04-01,CH-AG,2021-05-31,meth
1185,1186,0.0,2005-05-01,CH-AG,2021-05-31,meth
1186,1187,0.0,2005-06-01,CH-AG,2021-05-31,meth
1187,1188,0.0,2005-07-01,CH-AG,2021-05-31,meth
1188,1189,0.0,2005-08-01,CH-AG,2021-05-31,meth
1189,1190,0.0,2005-09-01,CH-AG,2021-05-31,meth
1190,1191,0.0,2005-10-01,CH-AG,2021-05-31,meth
1191,1192,0.0,2005-11-01,CH-AG,2021-05-31,meth
1192,1193,0.0,2005-12-01,CH-AG,2021-05-31,meth
1193,1194,0.0,2006-01-01,CH-AG,2021-05-31,meth
1194,1195,0.0,2006-02-01,CH-AG,2021-05-31,meth
1195,1196,0.0,2006-03-01,CH-AG,2021-05-31,meth
1196,1197,0.0,2006-04-01,CH-AG,2021-05-31,meth
1197,1198,0.0,2006-05-01,CH-AG,2021-05-31,meth
1198,1199,0.0,2006-06-01,CH-AG,2021-05-31,meth
1199,1200,0.0,2006-07-01,CH-AG,2021-05-31,meth
1200,1201,0.0,2006-08-01,CH-AG,2021-05-31,meth
1201,1202,0.0,2006-09-01,CH-AG,2021-05-31,meth
1202,1203,0.0,2006-10-01,CH-AG,2021-05-31,meth
1203,1204,0.0,2006-11-01,CH-AG,2021-05-31,meth
1204,1205,0.0,2006-12-01,CH-AG,2021-05-31,meth
1205,1206,0.0,2007-01-01,CH-AG,2021-05-31,meth
1206,1207,0.0,2007-02-01,CH-AG,2021-05-31,meth
1207,1208,0.0,2007-03-01,CH-AG,2021-05-31,meth
1208,1209,0.0,2007-04-01,CH-AG,2021-05-31,meth
1209,1210,0.0,2007-05-01,CH-AG,2021-05-31,meth
1210,1211,0.0,2007-06-01,CH-AG,2021-05-31,meth
1211,1212,0.0,2007-07-01,CH-AG,2021-05-31,meth
1212,1213,0.0,2007-08-01,CH-AG,2021-05-31,meth
1213,1214,0.0,2007-09-01,CH-AG,2021-05-31,meth
1214,1215,0.0,2007-10-01,CH-AG,2021-05-31,meth
1215,1216,0.0,2007-11-01,CH-AG,2021-05-31,meth
1216,1217,0.0,2007-12-01,CH-AG,2021-05-31,meth
1217,1218,0.0,2008-01-01,CH-AG,2021-05-31,meth
1218,1219,0.0,2008-02-01,CH-AG,2021-05-31,meth
1219,1220,0.0,2008-03-01,CH-AG,2021-05-31,meth
1220,1221,0.0,2008-04-01,CH-AG,2021-05-31,meth
1221,1222,0.0,2008-05-01,CH-AG,2021-05-31,meth
1222,1223,0.0,2008-06-01,CH-AG,2021-05-31,meth
1223,1224,0.0,2008-07-01,CH-AG,2021-05-31,meth
1224,1225,0.0,2008-08-01,CH-AG,2021-05-31,meth
1225,1226,0.0,2008-09-01,CH-AG,2021-05-31,meth
1226,1227,0.0,2008-10-01,CH-AG,2021-05-31,meth
1227,1228,0.0,2008-11-01,CH-AG,2021-05-31,meth
1228,1229,0.0,2008-12-01,CH-AG,2021-05-31,meth
1229,1230,0.0,2009-01-01,CH-AG,2021-05-31,meth
1230,1231,0.0,2009-02-01,CH-AG,2021-05-31,meth
1231,1232,0.0,2009-03-01,CH-AG,2021-05-31,meth
1232,1233,0.0,2009-04-01,CH-AG,2021-05-31,meth
1233,1234,0.0,2009-05-01,CH-AG,2021-05-31,meth
1234,1235,0.0,2009-06-01,CH-AG,2021-05-31,meth
1235,1236,0.0,2009-07-01,CH-AG,2021-05-31,meth
1236,1237,0.0,2009-08-01,CH-AG,2021-05-31,meth
1237,1238,0.0,2009-09-01,CH-AG,2021-05-31,meth
1238,1239,0.0,2009-10-01,CH-AG,2021-05-31,meth
1239,1240,0.0,2009-11-01,CH-AG,2021-05-31,meth
1240,1241,0.0,2009-12-01,CH-AG,2021-05-31,meth
1241,1242,0.0,2010-01-01,CH-AG,2021-05-31,meth
1242,1243,0.0,2010-02-01,CH-AG,2021-05-31,meth
1243,1244,0.0,2010-03-01,CH-AG,2021-05-31,meth
1244,1245,0.0,2010-04-01,CH-AG,2021-05-31,meth
1245,1246,0.0,2010-05-01,CH-AG,2021-05-31,meth
1246,1247,0.0,2010-06-01,CH-AG,2021-05-31,meth
1247,1248,0.0,2010-07-01,CH-AG,2021-05-31,meth
1248,1249,0.0,2010-08-01,CH-AG,2021-05-31,meth
1249,1250,0.0,2010-09-01,CH-AG,2021-05-31,meth
1250,1251,0.0,2010-10-01,CH-AG,2021-05-31,meth
1251,1252,0.0,2010-11-01,CH-AG,2021-05-31,meth
1252,1253,0.0,2010-12-01,CH-AG,2021-05-31,meth
1253,1254,38.0,2011-01-01,CH-AG,2021-05-31,meth
1254,1255,41.0,2011-02-01,CH-AG,2021-05-31,meth
1255,1256,0.0,2011-03-01,CH-AG,2021-05-31,meth
1256,1257,0.0,2011-04-01,CH-AG,2021-05-31,meth
1257,1258,41.0,2011-05-01,CH-AG,2021-05-31,meth
1258,1259,0.0,2011-06-01,CH-AG,2021-05-31,meth
1259,1260,0.0,2011-07-01,CH-AG,2021-05-31,meth
1260,1261,0.0,2011-08-01,CH-AG,2021-05-31,meth
1261,1262,0.0,2011-09-01,CH-AG,2021-05-31,meth
1262,1263,0.0,2011-10-01,CH-AG,2021-05-31,meth
1263,1264,0.0,2011-11-01,CH-AG,2021-05-31,meth
1264,1265,50.0,2011-12-01,CH-AG,2021-05-31,meth
1265,1266,0.0,2012-01-01,CH-AG,2021-05-31,meth
1266,1267,0.0,2012-02-01,CH-AG,2021-05-31,meth
1267,1268,46.0,2012-03-01,CH-AG,2021-05-31,meth
1268,1269,45.0,2012-04-01,CH-AG,2021-05-31,meth
1269,1270,0.0,2012-05-01,CH-AG,2021-05-31,meth
1270,1271,0.0,2012-06-01,CH-AG,2021-05-31,meth
1271,1272,0.0,2012-07-01,CH-AG,2021-05-31,meth
1272,1273,44.0,2012-08-01,CH-AG,2021-05-31,meth
1273,1274,42.0,2012-09-01,CH-AG,2021-05-31,meth
1274,1275,0.0,2012-10-01,CH-AG,2021-05-31,meth
1275,1276,0.0,2012-11-01,CH-AG,2021-05-31,meth
1276,1277,0.0,2012-12-01,CH-AG,2021-05-31,meth
1277,1278,0.0,2013-01-01,CH-AG,2021-05-31,meth
1278,1279,44.0,2013-02-01,CH-AG,2021-05-31,meth
1279,1280,34.0,2013-03-01,CH-AG,2021-05-31,meth
1280,1281,67.0,2013-04-01,CH-AG,2021-05-31,meth
1281,1282,0.0,2013-05-01,CH-AG,2021-05-31,meth
1282,1283,37.0,2013-06-01,CH-AG,2021-05-31,meth
1283,1284,0.0,2013-07-01,CH-AG,2021-05-31,meth
1284,1285,0.0,2013-08-01,CH-AG,2021-05-31,meth
1285,1286,69.0,2013-09-01,CH-AG,2021-05-31,meth
1286,1287,34.0,2013-10-01,CH-AG,2021-05-31,meth
1287,1288,100.0,2013-11-01,CH-AG,2021-05-31,meth
1288,1289,34.0,2013-12-01,CH-AG,2021-05-31,meth
1289,1290,31.0,2014-01-01,CH-AG,2021-05-31,meth
1290,1291,35.0,2014-02-01,CH-AG,2021-05-31,meth
1291,1292,0.0,2014-03-01,CH-AG,2021-05-31,meth
1292,1293,0.0,2014-04-01,CH-AG,2021-05-31,meth
1293,1294,33.0,2014-05-01,CH-AG,2021-05-31,meth
1294,1295,0.0,2014-06-01,CH-AG,2021-05-31,meth
1295,1296,41.0,2014-07-01,CH-AG,2021-05-31,meth
1296,1297,0.0,2014-08-01,CH-AG,2021-05-31,meth
1297,1298,38.0,2014-09-01,CH-AG,2021-05-31,meth
1298,1299,0.0,2014-10-01,CH-AG,2021-05-31,meth
1299,1300,0.0,2014-11-01,CH-AG,2021-05-31,meth
1300,1301,77.0,2014-12-01,CH-AG,2021-05-31,meth
1301,1302,33.0,2015-01-01,CH-AG,2021-05-31,meth
1302,1303,38.0,2015-02-01,CH-AG,2021-05-31,meth
1303,1304,0.0,2015-03-01,CH-AG,2021-05-31,meth
1304,1305,0.0,2015-04-01,CH-AG,2021-05-31,meth
1305,1306,0.0,2015-05-01,CH-AG,2021-05-31,meth
1306,1307,0.0,2015-06-01,CH-AG,2021-05-31,meth
1307,1308,44.0,2015-07-01,CH-AG,2021-05-31,meth
1308,1309,0.0,2015-08-01,CH-AG,2021-05-31,meth
1309,1310,40.0,2015-09-01,CH-AG,2021-05-31,meth
1310,1311,39.0,2015-10-01,CH-AG,2021-05-31,meth
1311,1312,39.0,2015-11-01,CH-AG,2021-05-31,meth
1312,1313,0.0,2015-12-01,CH-AG,2021-05-31,meth
1313,1314,31.0,2016-01-01,CH-AG,2021-05-31,meth
1314,1315,32.0,2016-02-01,CH-AG,2021-05-31,meth
1315,1316,0.0,2004-01-01,CH-AG,2021-05-27,meth
1316,1317,0.0,2004-02-01,CH-AG,2021-05-27,meth
1317,1318,0.0,2004-03-01,CH-AG,2021-05-27,meth
1318,1319,0.0,2004-04-01,CH-AG,2021-05-27,meth
1319,1320,0.0,2004-05-01,CH-AG,2021-05-27,meth
1320,1321,0.0,2004-06-01,CH-AG,2021-05-27,meth
1321,1322,0.0,2004-07-01,CH-AG,2021-05-27,meth
1322,1323,0.0,2004-08-01,CH-AG,2021-05-27,meth
1323,1324,0.0,2004-09-01,CH-AG,2021-05-27,meth
1324,1325,0.0,2004-10-01,CH-AG,2021-05-27,meth
1325,1326,0.0,2004-11-01,CH-AG,2021-05-27,meth
1326,1327,0.0,2004-12-01,CH-AG,2021-05-27,meth
1327,1328,0.0,2005-01-01,CH-AG,2021-05-27,meth
1328,1329,0.0,2005-02-01,CH-AG,2021-05-27,meth
1329,1330,0.0,2005-03-01,CH-AG,2021-05-27,meth
1330,1331,0.0,2005-04-01,CH-AG,2021-05-27,meth
1331,1332,0.0,2005-05-01,CH-AG,2021-05-27,meth
1332,1333,0.0,2005-06-01,CH-AG,2021-05-27,meth
1333,1334,0.0,2005-07-01,CH-AG,2021-05-27,meth
1334,1335,0.0,2005-08-01,CH-AG,2021-05-27,meth
1335,1336,0.0,2005-09-01,CH-AG,2021-05-27,meth
1336,1337,0.0,2005-10-01,CH-AG,2021-05-27,meth
1337,1338,0.0,2005-11-01,CH-AG,2021-05-27,meth
1338,1339,0.0,2005-12-01,CH-AG,2021-05-27,meth
1339,1340,0.0,2006-01-01,CH-AG,2021-05-27,meth
1340,1341,0.0,2006-02-01,CH-AG,2021-05-27,meth
1341,1342,0.0,2006-03-01,CH-AG,2021-05-27,meth
1342,1343,0.0,2006-04-01,CH-AG,2021-05-27,meth
1343,1344,0.0,2006-05-01,CH-AG,2021-05-27,meth
1344,1345,0.0,2006-06-01,CH-AG,2021-05-27,meth
1345,1346,0.0,2006-07-01,CH-AG,2021-05-27,meth
1346,1347,0.0,2006-08-01,CH-AG,2021-05-27,meth
1347,1348,0.0,2006-09-01,CH-AG,2021-05-27,meth
1348,1349,0.0,2006-10-01,CH-AG,2021-05-27,meth
1349,1350,0.0,2006-11-01,CH-AG,2021-05-27,meth
1350,1351,0.0,2006-12-01,CH-AG,2021-05-27,meth
1351,1352,0.0,2007-01-01,CH-AG,2021-05-27,meth
1352,1353,0.0,2007-02-01,CH-AG,2021-05-27,meth
1353,1354,0.0,2007-03-01,CH-AG,2021-05-27,meth
1354,1355,0.0,2007-04-01,CH-AG,2021-05-27,meth
1355,1356,0.0,2007-05-01,CH-AG,2021-05-27,meth
1356,1357,0.0,2007-06-01,CH-AG,2021-05-27,meth
1357,1358,0.0,2007-07-01,CH-AG,2021-05-27,meth
1358,1359,0.0,2007-08-01,CH-AG,2021-05-27,meth
1359,1360,0.0,2007-09-01,CH-AG,2021-05-27,meth
1360,1361,0.0,2007-10-01,CH-AG,2021-05-27,meth
1361,1362,0.0,2007-11-01,CH-AG,2021-05-27,meth
1362,1363,0.0,2007-12-01,CH-AG,2021-05-27,meth
1363,1364,0.0,2008-01-01,CH-AG,2021-05-27,meth
1364,1365,100.0,2008-02-01,CH-AG,2021-05-27,meth
1365,1366,0.0,2008-03-01,CH-AG,2021-05-27,meth
1366,1367,0.0,2008-04-01,CH-AG,2021-05-27,meth
1367,1368,0.0,2008-05-01,CH-AG,2021-05-27,meth
1368,1369,0.0,2008-06-01,CH-AG,2021-05-27,meth
1369,1370,0.0,2008-07-01,CH-AG,2021-05-27,meth
1370,1371,0.0,2008-08-01,CH-AG,2021-05-27,meth
1371,1372,0.0,2008-09-01,CH-AG,2021-05-27,meth
1372,1373,0.0,2008-10-01,CH-AG,2021-05-27,meth
1373,1374,0.0,2008-11-01,CH-AG,2021-05-27,meth
1374,1375,0.0,2008-12-01,CH-AG,2021-05-27,meth
1375,1376,0.0,2009-01-01,CH-AG,2021-05-27,meth
1376,1377,0.0,2009-02-01,CH-AG,2021-05-27,meth
1377,1378,0.0,2009-03-01,CH-AG,2021-05-27,meth
1378,1379,0.0,2009-04-01,CH-AG,2021-05-27,meth
1379,1380,0.0,2009-05-01,CH-AG,2021-05-27,meth
1380,1381,0.0,2009-06-01,CH-AG,2021-05-27,meth
1381,1382,0.0,2009-07-01,CH-AG,2021-05-27,meth
1382,1383,0.0,2009-08-01,CH-AG,2021-05-27,meth
1383,1384,0.0,2009-09-01,CH-AG,2021-05-27,meth
1384,1385,0.0,2009-10-01,CH-AG,2021-05-27,meth
1385,1386,0.0,2009-11-01,CH-AG,2021-05-27,meth
1386,1387,0.0,2009-12-01,CH-AG,2021-05-27,meth
1387,1388,0.0,2010-01-01,CH-AG,2021-05-27,meth
1388,1389,0.0,2010-02-01,CH-AG,2021-05-27,meth
1389,1390,0.0,2010-03-01,CH-AG,2021-05-27,meth
1390,1391,0.0,2010-04-01,CH-AG,2021-05-27,meth
1391,1392,0.0,2010-05-01,CH-AG,2021-05-27,meth
1392,1393,0.0,2010-06-01,CH-AG,2021-05-27,meth
1393,1394,0.0,2010-07-01,CH-AG,2021-05-27,meth
1394,1395,0.0,2010-08-01,CH-AG,2021-05-27,meth
1395,1396,0.0,2010-09-01,CH-AG,2021-05-27,meth
1396,1397,67.0,2010-10-01,CH-AG,2021-05-27,meth
1397,1398,0.0,2010-11-01,CH-AG,2021-05-27,meth
1398,1399,0.0,2010-12-01,CH-AG,2021-05-27,meth
1399,1400,0.0,2011-01-01,CH-AG,2021-05-27,meth
1400,1401,0.0,2011-02-01,CH-AG,2021-05-27,meth
1401,1402,0.0,2011-03-01,CH-AG,2021-05-27,meth
1402,1403,0.0,2011-04-01,CH-AG,2021-05-27,meth
1403,1404,10.0,2011-05-01,CH-AG,2021-05-27,meth
1404,1405,0.0,2011-06-01,CH-AG,2021-05-27,meth
1405,1406,14.0,2011-07-01,CH-AG,2021-05-27,meth
1406,1407,0.0,2011-08-01,CH-AG,2021-05-27,meth
1407,1408,17.0,2011-09-01,CH-AG,2021-05-27,meth
1408,1409,0.0,2011-10-01,CH-AG,2021-05-27,meth
1409,1410,0.0,2011-11-01,CH-AG,2021-05-27,meth
1410,1411,0.0,2011-12-01,CH-AG,2021-05-27,meth
1411,1412,0.0,2012-01-01,CH-AG,2021-05-27,meth
1412,1413,0.0,2012-02-01,CH-AG,2021-05-27,meth
1413,1414,21.0,2012-03-01,CH-AG,2021-05-27,meth
1414,1415,0.0,2012-04-01,CH-AG,2021-05-27,meth
1415,1416,0.0,2012-05-01,CH-AG,2021-05-27,meth
1416,1417,0.0,2012-06-01,CH-AG,2021-05-27,meth
1417,1418,11.0,2012-07-01,CH-AG,2021-05-27,meth
1418,1419,10.0,2012-08-01,CH-AG,2021-05-27,meth
1419,1420,0.0,2012-09-01,CH-AG,2021-05-27,meth
1420,1421,9.0,2012-10-01,CH-AG,2021-05-27,meth
1421,1422,0.0,2012-11-01,CH-AG,2021-05-27,meth
1422,1423,0.0,2012-12-01,CH-AG,2021-05-27,meth
1423,1424,9.0,2013-01-01,CH-AG,2021-05-27,meth
1424,1425,0.0,2013-02-01,CH-AG,2021-05-27,meth
1425,1426,8.0,2013-03-01,CH-AG,2021-05-27,meth
1426,1427,0.0,2013-04-01,CH-AG,2021-05-27,meth
1427,1428,0.0,2013-05-01,CH-AG,2021-05-27,meth
1428,1429,9.0,2013-06-01,CH-AG,2021-05-27,meth
1429,1430,10.0,2013-07-01,CH-AG,2021-05-27,meth
1430,1431,0.0,2013-08-01,CH-AG,2021-05-27,meth
1431,1432,8.0,2013-09-01,CH-AG,2021-05-27,meth
1432,1433,16.0,2013-10-01,CH-AG,2021-05-27,meth
1433,1434,16.0,2013-11-01,CH-AG,2021-05-27,meth
1434,1435,0.0,2013-12-01,CH-AG,2021-05-27,meth
1435,1436,7.0,2014-01-01,CH-AG,2021-05-27,meth
1436,1437,8.0,2014-02-01,CH-AG,2021-05-27,meth
1437,1438,7.0,2014-03-01,CH-AG,2021-05-27,meth
1438,1439,0.0,2014-04-01,CH-AG,2021-05-27,meth
1439,1440,15.0,2014-05-01,CH-AG,2021-05-27,meth
1440,1441,9.0,2014-06-01,CH-AG,2021-05-27,meth
1441,1442,0.0,2014-07-01,CH-AG,2021-05-27,meth
1442,1443,0.0,2014-08-01,CH-AG,2021-05-27,meth
1443,1444,9.0,2014-09-01,CH-AG,2021-05-27,meth
1444,1445,8.0,2014-10-01,CH-AG,2021-05-27,meth
1445,1446,25.0,2014-11-01,CH-AG,2021-05-27,meth
1446,1447,0.0,2014-12-01,CH-AG,2021-05-27,meth
1447,1448,16.0,2015-01-01,CH-AG,2021-05-27,meth
1448,1449,9.0,2015-02-01,CH-AG,2021-05-27,meth
1449,1450,0.0,2015-03-01,CH-AG,2021-05-27,meth
1450,1451,9.0,2015-04-01,CH-AG,2021-05-27,meth
1451,1452,0.0,2015-05-01,CH-AG,2021-05-27,meth
1452,1453,0.0,2015-06-01,CH-AG,2021-05-27,meth
1453,1454,0.0,2015-07-01,CH-AG,2021-05-27,meth
1454,1455,9.0,2015-08-01,CH-AG,2021-05-27,meth
1455,1456,19.0,2015-09-01,CH-AG,2021-05-27,meth
1456,1457,0.0,2015-10-01,CH-AG,2021-05-27,meth
1457,1458,0.0,2015-11-01,CH-AG,2021-05-27,meth
1458,1459,0.0,2015-12-01,CH-AG,2021-05-27,meth
1459,1460,0.0,2016-01-01,CH-AG,2021-05-27,meth
1460,1461,7.0,2016-02-01,CH-AG,2021-05-27,meth
1461,1462,0.0,2004-01-01,CH-AG,2021-06-01,meth
1462,1463,0.0,2004-02-01,CH-AG,2021-06-01,meth
1463,1464,0.0,2004-03-01,CH-AG,2021-06-01,meth
1464,1465,0.0,2004-04-01,CH-AG,2021-06-01,meth
1465,1466,0.0,2004-05-01,CH-AG,2021-06-01,meth
1466,1467,0.0,2004-06-01,CH-AG,2021-06-01,meth
1467,1468,0.0,2004-07-01,CH-AG,2021-06-01,meth
1468,1469,0.0,2004-08-01,CH-AG,2021-06-01,meth
1469,1470,0.0,2004-09-01,CH-AG,2021-06-01,meth
1470,1471,0.0,2004-10-01,CH-AG,2021-06-01,meth
1471,1472,0.0,2004-11-01,CH-AG,2021-06-01,meth
1472,1473,0.0,2004-12-01,CH-AG,2021-06-01,meth
1473,1474,0.0,2005-01-01,CH-AG,2021-06-01,meth
1474,1475,0.0,2005-02-01,CH-AG,2021-06-01,meth
1475,1476,0.0,2005-03-01,CH-AG,2021-06-01,meth
1476,1477,0.0,2005-04-01,CH-AG,2021-06-01,meth
1477,1478,0.0,2005-05-01,CH-AG,2021-06-01,meth
1478,1479,0.0,2005-06-01,CH-AG,2021-06-01,meth
1479,1480,0.0,2005-07-01,CH-AG,2021-06-01,meth
1480,1481,0.0,2005-08-01,CH-AG,2021-06-01,meth
1481,1482,0.0,2005-09-01,CH-AG,2021-06-01,meth
1482,1483,0.0,2005-10-01,CH-AG,2021-06-01,meth
1483,1484,0.0,2005-11-01,CH-AG,2021-06-01,meth
1484,1485,0.0,2005-12-01,CH-AG,2021-06-01,meth
1485,1486,0.0,2006-01-01,CH-AG,2021-06-01,meth
1486,1487,0.0,2006-02-01,CH-AG,2021-06-01,meth
1487,1488,0.0,2006-03-01,CH-AG,2021-06-01,meth
1488,1489,0.0,2006-04-01,CH-AG,2021-06-01,meth
1489,1490,0.0,2006-05-01,CH-AG,2021-06-01,meth
1490,1491,0.0,2006-06-01,CH-AG,2021-06-01,meth
1491,1492,0.0,2006-07-01,CH-AG,2021-06-01,meth
1492,1493,0.0,2006-08-01,CH-AG,2021-06-01,meth
1493,1494,0.0,2006-09-01,CH-AG,2021-06-01,meth
1494,1495,0.0,2006-10-01,CH-AG,2021-06-01,meth
1495,1496,0.0,2006-11-01,CH-AG,2021-06-01,meth
1496,1497,0.0,2006-12-01,CH-AG,2021-06-01,meth
1497,1498,0.0,2007-01-01,CH-AG,2021-06-01,meth
1498,1499,0.0,2007-02-01,CH-AG,2021-06-01,meth
1499,1500,0.0,2007-03-01,CH-AG,2021-06-01,meth
1500,1501,0.0,2007-04-01,CH-AG,2021-06-01,meth
1501,1502,0.0,2007-05-01,CH-AG,2021-06-01,meth
1502,1503,0.0,2007-06-01,CH-AG,2021-06-01,meth
1503,1504,0.0,2007-07-01,CH-AG,2021-06-01,meth
1504,1505,0.0,2007-08-01,CH-AG,2021-06-01,meth
1505,1506,0.0,2007-09-01,CH-AG,2021-06-01,meth
1506,1507,0.0,2007-10-01,CH-AG,2021-06-01,meth
1507,1508,0.0,2007-11-01,CH-AG,2021-06-01,meth
1508,1509,0.0,2007-12-01,CH-AG,2021-06-01,meth
1509,1510,0.0,2008-01-01,CH-AG,2021-06-01,meth
1510,1511,0.0,2008-02-01,CH-AG,2021-06-01,meth
1511,1512,0.0,2008-03-01,CH-AG,2021-06-01,meth
1512,1513,0.0,2008-04-01,CH-AG,2021-06-01,meth
1513,1514,0.0,2008-05-01,CH-AG,2021-06-01,meth
1514,1515,0.0,2008-06-01,CH-AG,2021-06-01,meth
1515,1516,0.0,2008-07-01,CH-AG,2021-06-01,meth
1516,1517,0.0,2008-08-01,CH-AG,2021-06-01,meth
1517,1518,0.0,2008-09-01,CH-AG,2021-06-01,meth
1518,1519,0.0,2008-10-01,CH-AG,2021-06-01,meth
1519,1520,0.0,2008-11-01,CH-AG,2021-06-01,meth
1520,1521,0.0,2008-12-01,CH-AG,2021-06-01,meth
1521,1522,0.0,2009-01-01,CH-AG,2021-06-01,meth
1522,1523,0.0,2009-02-01,CH-AG,2021-06-01,meth
1523,1524,0.0,2009-03-01,CH-AG,2021-06-01,meth
1524,1525,0.0,2009-04-01,CH-AG,2021-06-01,meth
1525,1526,0.0,2009-05-01,CH-AG,2021-06-01,meth
1526,1527,0.0,2009-06-01,CH-AG,2021-06-01,meth
1527,1528,0.0,2009-07-01,CH-AG,2021-06-01,meth
1528,1529,0.0,2009-08-01,CH-AG,2021-06-01,meth
1529,1530,0.0,2009-09-01,CH-AG,2021-06-01,meth
1530,1531,0.0,2009-10-01,CH-AG,2021-06-01,meth
1531,1532,0.0,2009-11-01,CH-AG,2021-06-01,meth
1532,1533,0.0,2009-12-01,CH-AG,2021-06-01,meth
1533,1534,0.0,2010-01-01,CH-AG,2021-06-01,meth
1534,1535,0.0,2010-02-01,CH-AG,2021-06-01,meth
1535,1536,0.0,2010-03-01,CH-AG,2021-06-01,meth
1536,1537,0.0,2010-04-01,CH-AG,2021-06-01,meth
1537,1538,0.0,2010-05-01,CH-AG,2021-06-01,meth
1538,1539,0.0,2010-06-01,CH-AG,2021-06-01,meth
1539,1540,0.0,2010-07-01,CH-AG,2021-06-01,meth
1540,1541,0.0,2010-08-01,CH-AG,2021-06-01,meth
1541,1542,0.0,2010-09-01,CH-AG,2021-06-01,meth
1542,1543,0.0,2010-10-01,CH-AG,2021-06-01,meth
1543,1544,0.0,2010-11-01,CH-AG,2021-06-01,meth
1544,1545,0.0,2010-12-01,CH-AG,2021-06-01,meth
1545,1546,0.0,2011-01-01,CH-AG,2021-06-01,meth
1546,1547,29.0,2011-02-01,CH-AG,2021-06-01,meth
1547,1548,0.0,2011-03-01,CH-AG,2021-06-01,meth
1548,1549,0.0,2011-04-01,CH-AG,2021-06-01,meth
1549,1550,0.0,2011-05-01,CH-AG,2021-06-01,meth
1550,1551,0.0,2011-06-01,CH-AG,2021-06-01,meth
1551,1552,43.0,2011-07-01,CH-AG,2021-06-01,meth
1552,1553,0.0,2011-08-01,CH-AG,2021-06-01,meth
1553,1554,0.0,2011-09-01,CH-AG,2021-06-01,meth
1554,1555,0.0,2011-10-01,CH-AG,2021-06-01,meth
1555,1556,0.0,2011-11-01,CH-AG,2021-06-01,meth
1556,1557,0.0,2011-12-01,CH-AG,2021-06-01,meth
1557,1558,0.0,2012-01-01,CH-AG,2021-06-01,meth
1558,1559,0.0,2012-02-01,CH-AG,2021-06-01,meth
1559,1560,33.0,2012-03-01,CH-AG,2021-06-01,meth
1560,1561,0.0,2012-04-01,CH-AG,2021-06-01,meth
1561,1562,0.0,2012-05-01,CH-AG,2021-06-01,meth
1562,1563,0.0,2012-06-01,CH-AG,2021-06-01,meth
1563,1564,34.0,2012-07-01,CH-AG,2021-06-01,meth
1564,1565,0.0,2012-08-01,CH-AG,2021-06-01,meth
1565,1566,0.0,2012-09-01,CH-AG,2021-06-01,meth
1566,1567,29.0,2012-10-01,CH-AG,2021-06-01,meth
1567,1568,0.0,2012-11-01,CH-AG,2021-06-01,meth
1568,1569,31.0,2012-12-01,CH-AG,2021-06-01,meth
1569,1570,29.0,2013-01-01,CH-AG,2021-06-01,meth
1570,1571,0.0,2013-02-01,CH-AG,2021-06-01,meth
1571,1572,0.0,2013-03-01,CH-AG,2021-06-01,meth
1572,1573,74.0,2013-04-01,CH-AG,2021-06-01,meth
1573,1574,0.0,2013-05-01,CH-AG,2021-06-01,meth
1574,1575,0.0,2013-06-01,CH-AG,2021-06-01,meth
1575,1576,61.0,2013-07-01,CH-AG,2021-06-01,meth
1576,1577,0.0,2013-08-01,CH-AG,2021-06-01,meth
1577,1578,0.0,2013-09-01,CH-AG,2021-06-01,meth
1578,1579,100.0,2013-10-01,CH-AG,2021-06-01,meth
1579,1580,49.0,2013-11-01,CH-AG,2021-06-01,meth
1580,1581,75.0,2013-12-01,CH-AG,2021-06-01,meth
1581,1582,22.0,2014-01-01,CH-AG,2021-06-01,meth
1582,1583,0.0,2014-02-01,CH-AG,2021-06-01,meth
1583,1584,68.0,2014-03-01,CH-AG,2021-06-01,meth
1584,1585,24.0,2014-04-01,CH-AG,2021-06-01,meth
1585,1586,71.0,2014-05-01,CH-AG,2021-06-01,meth
1586,1587,0.0,2014-06-01,CH-AG,2021-06-01,meth
1587,1588,0.0,2014-07-01,CH-AG,2021-06-01,meth
1588,1589,0.0,2014-08-01,CH-AG,2021-06-01,meth
1589,1590,27.0,2014-09-01,CH-AG,2021-06-01,meth
1590,1591,26.0,2014-10-01,CH-AG,2021-06-01,meth
1591,1592,53.0,2014-11-01,CH-AG,2021-06-01,meth
1592,1593,28.0,2014-12-01,CH-AG,2021-06-01,meth
1593,1594,49.0,2015-01-01,CH-AG,2021-06-01,meth
1594,1595,0.0,2015-02-01,CH-AG,2021-06-01,meth
1595,1596,0.0,2015-03-01,CH-AG,2021-06-01,meth
1596,1597,27.0,2015-04-01,CH-AG,2021-06-01,meth
1597,1598,26.0,2015-05-01,CH-AG,2021-06-01,meth
1598,1599,29.0,2015-06-01,CH-AG,2021-06-01,meth
1599,1600,0.0,2015-07-01,CH-AG,2021-06-01,meth
1600,1601,28.0,2015-08-01,CH-AG,2021-06-01,meth
1601,1602,58.0,2015-09-01,CH-AG,2021-06-01,meth
1602,1603,28.0,2015-10-01,CH-AG,2021-06-01,meth
1603,1604,57.0,2015-11-01,CH-AG,2021-06-01,meth
1604,1605,0.0,2015-12-01,CH-AG,2021-06-01,meth
1605,1606,0.0,2016-01-01,CH-AG,2021-06-01,meth
1606,1607,0.0,2016-02-01,CH-AG,2021-06-01,meth
1607,0,0.0,2004-01-01,CH-AG,2021-06-04,meth
1608,0,0.0,2004-02-01,CH-AG,2021-06-04,meth
1609,0,0.0,2004-03-01,CH-AG,2021-06-04,meth
1610,0,0.0,2004-04-01,CH-AG,2021-06-04,meth
1611,0,0.0,2004-05-01,CH-AG,2021-06-04,meth
1612,0,0.0,2004-06-01,CH-AG,2021-06-04,meth
1613,0,0.0,2004-07-01,CH-AG,2021-06-04,meth
1614,0,0.0,2004-08-01,CH-AG,2021-06-04,meth
1615,0,0.0,2004-09-01,CH-AG,2021-06-04,meth
1616,0,0.0,2004-10-01,CH-AG,2021-06-04,meth
1617,0,0.0,2004-11-01,CH-AG,2021-06-04,meth
1618,0,0.0,2004-12-01,CH-AG,2021-06-04,meth
1619,0,0.0,2005-01-01,CH-AG,2021-06-04,meth
1620,0,0.0,2005-02-01,CH-AG,2021-06-04,meth
1621,0,0.0,2005-03-01,CH-AG,2021-06-04,meth
1622,0,0.0,2005-04-01,CH-AG,2021-06-04,meth
1623,0,0.0,2005-05-01,CH-AG,2021-06-04,meth
1624,0,0.0,2005-06-01,CH-AG,2021-06-04,meth
1625,0,0.0,2005-07-01,CH-AG,2021-06-04,meth
1626,0,0.0,2005-08-01,CH-AG,2021-06-04,meth
1627,0,0.0,2005-09-01,CH-AG,2021-06-04,meth
1628,0,0.0,2005-10-01,CH-AG,2021-06-04,meth
1629,0,0.0,2005-11-01,CH-AG,2021-06-04,meth
1630,0,0.0,2005-12-01,CH-AG,2021-06-04,meth
1631,0,0.0,2006-01-01,CH-AG,2021-06-04,meth
1632,0,0.0,2006-02-01,CH-AG,2021-06-04,meth
1633,0,0.0,2006-03-01,CH-AG,2021-06-04,meth
1634,0,0.0,2006-04-01,CH-AG,2021-06-04,meth
1635,0,0.0,2006-05-01,CH-AG,2021-06-04,meth
1636,0,0.0,2006-06-01,CH-AG,2021-06-04,meth
1637,0,0.0,2006-07-01,CH-AG,2021-06-04,meth
1638,0,0.0,2006-08-01,CH-AG,2021-06-04,meth
1639,0,0.0,2006-09-01,CH-AG,2021-06-04,meth
1640,0,0.0,2006-10-01,CH-AG,2021-06-04,meth
1641,0,0.0,2006-11-01,CH-AG,2021-06-04,meth
1642,0,0.0,2006-12-01,CH-AG,2021-06-04,meth
1643,0,0.0,2007-01-01,CH-AG,2021-06-04,meth
1644,0,0.0,2007-02-01,CH-AG,2021-06-04,meth
1645,0,0.0,2007-03-01,CH-AG,2021-06-04,meth
1646,0,0.0,2007-04-01,CH-AG,2021-06-04,meth
1647,0,0.0,2007-05-01,CH-AG,2021-06-04,meth
1648,0,0.0,2007-06-01,CH-AG,2021-06-04,meth
1649,0,0.0,2007-07-01,CH-AG,2021-06-04,meth
1650,0,0.0,2007-08-01,CH-AG,2021-06-04,meth
1651,0,0.0,2007-09-01,CH-AG,2021-06-04,meth
1652,0,0.0,2007-10-01,CH-AG,2021-06-04,meth
1653,0,0.0,2007-11-01,CH-AG,2021-06-04,meth
1654,0,0.0,2007-12-01,CH-AG,2021-06-04,meth
1655,0,0.0,2008-01-01,CH-AG,2021-06-04,meth
1656,0,0.0,2008-02-01,CH-AG,2021-06-04,meth
1657,0,0.0,2008-03-01,CH-AG,2021-06-04,meth
1658,0,0.0,2008-04-01,CH-AG,2021-06-04,meth
1659,0,0.0,2008-05-01,CH-AG,2021-06-04,meth
1660,0,0.0,2008-06-01,CH-AG,2021-06-04,meth
1661,0,0.0,2008-07-01,CH-AG,2021-06-04,meth
1662,0,0.0,2008-08-01,CH-AG,2021-06-04,meth
1663,0,0.0,2008-09-01,CH-AG,2021-06-04,meth
1664,0,0.0,2008-10-01,CH-AG,2021-06-04,meth
1665,0,0.0,2008-11-01,CH-AG,2021-06-04,meth
1666,0,0.0,2008-12-01,CH-AG,2021-06-04,meth
1667,0,0.0,2009-01-01,CH-AG,2021-06-04,meth
1668,0,0.0,2009-02-01,CH-AG,2021-06-04,meth
1669,0,0.0,2009-03-01,CH-AG,2021-06-04,meth
1670,0,0.0,2009-04-01,CH-AG,2021-06-04,meth
1671,0,0.0,2009-05-01,CH-AG,2021-06-04,meth
1672,0,0.0,2009-06-01,CH-AG,2021-06-04,meth
1673,0,0.0,2009-07-01,CH-AG,2021-06-04,meth
1674,0,0.0,2009-08-01,CH-AG,2021-06-04,meth
1675,0,0.0,2009-09-01,CH-AG,2021-06-04,meth
1676,0,0.0,2009-10-01,CH-AG,2021-06-04,meth
1677,0,0.0,2009-11-01,CH-AG,2021-06-04,meth
1678,0,0.0,2009-12-01,CH-AG,2021-06-04,meth
1679,0,0.0,2010-01-01,CH-AG,2021-06-04,meth
1680,0,0.0,2010-02-01,CH-AG,2021-06-04,meth
1681,0,0.0,2010-03-01,CH-AG,2021-06-04,meth
1682,0,0.0,2010-04-01,CH-AG,2021-06-04,meth
1683,0,0.0,2010-05-01,CH-AG,2021-06-04,meth
1684,0,0.0,2010-06-01,CH-AG,2021-06-04,meth
1685,0,0.0,2010-07-01,CH-AG,2021-06-04,meth
1686,0,0.0,2010-08-01,CH-AG,2021-06-04,meth
1687,0,0.0,2010-09-01,CH-AG,2021-06-04,meth
1688,0,100.0,2010-10-01,CH-AG,2021-06-04,meth
1689,0,0.0,2010-11-01,CH-AG,2021-06-04,meth
1690,0,0.0,2010-12-01,CH-AG,2021-06-04,meth
1691,0,13.0,2011-01-01,CH-AG,2021-06-04,meth
1692,0,0.0,2011-02-01,CH-AG,2021-06-04,meth
1693,0,0.0,2011-03-01,CH-AG,2021-06-04,meth
1694,0,0.0,2011-04-01,CH-AG,2021-06-04,meth
1695,0,0.0,2011-05-01,CH-AG,2021-06-04,meth
1696,0,0.0,2011-06-01,CH-AG,2021-06-04,meth
1697,0,21.0,2011-07-01,CH-AG,2021-06-04,meth
1698,0,0.0,2011-08-01,CH-AG,2021-06-04,meth
1699,0,0.0,2011-09-01,CH-AG,2021-06-04,meth
1700,0,0.0,2011-10-01,CH-AG,2021-06-04,meth
1701,0,0.0,2011-11-01,CH-AG,2021-06-04,meth
1702,0,0.0,2011-12-01,CH-AG,2021-06-04,meth
1703,0,15.0,2012-01-01,CH-AG,2021-06-04,meth
1704,0,0.0,2012-02-01,CH-AG,2021-06-04,meth
1705,0,0.0,2012-03-01,CH-AG,2021-06-04,meth
1706,0,0.0,2012-04-01,CH-AG,2021-06-04,meth
1707,0,0.0,2012-05-01,CH-AG,2021-06-04,meth
1708,0,0.0,2012-06-01,CH-AG,2021-06-04,meth
1709,0,16.0,2012-07-01,CH-AG,2021-06-04,meth
1710,0,0.0,2012-08-01,CH-AG,2021-06-04,meth
1711,0,0.0,2012-09-01,CH-AG,2021-06-04,meth
1712,0,14.0,2012-10-01,CH-AG,2021-06-04,meth
1713,0,0.0,2012-11-01,CH-AG,2021-06-04,meth
1714,0,0.0,2012-12-01,CH-AG,2021-06-04,meth
1715,0,14.0,2013-01-01,CH-AG,2021-06-04,meth
1716,0,15.0,2013-02-01,CH-AG,2021-06-04,meth
1717,0,0.0,2013-03-01,CH-AG,2021-06-04,meth
1718,0,12.0,2013-04-01,CH-AG,2021-06-04,meth
1719,0,0.0,2013-05-01,CH-AG,2021-06-04,meth
1720,0,13.0,2013-06-01,CH-AG,2021-06-04,meth
1721,0,14.0,2013-07-01,CH-AG,2021-06-04,meth
1722,0,0.0,2013-08-01,CH-AG,2021-06-04,meth
1723,0,24.0,2013-09-01,CH-AG,2021-06-04,meth
1724,0,12.0,2013-10-01,CH-AG,2021-06-04,meth
1725,0,23.0,2013-11-01,CH-AG,2021-06-04,meth
1726,0,12.0,2013-12-01,CH-AG,2021-06-04,meth
1727,0,0.0,2014-01-01,CH-AG,2021-06-04,meth
1728,0,12.0,2014-02-01,CH-AG,2021-06-04,meth
1729,0,0.0,2014-03-01,CH-AG,2021-06-04,meth
1730,0,11.0,2014-04-01,CH-AG,2021-06-04,meth
1731,0,45.0,2014-05-01,CH-AG,2021-06-04,meth
1732,0,0.0,2014-06-01,CH-AG,2021-06-04,meth
1733,0,14.0,2014-07-01,CH-AG,2021-06-04,meth
1734,0,0.0,2014-08-01,CH-AG,2021-06-04,meth
1735,0,13.0,2014-09-01,CH-AG,2021-06-04,meth
1736,0,0.0,2014-10-01,CH-AG,2021-06-04,meth
1737,0,13.0,2014-11-01,CH-AG,2021-06-04,meth
1738,0,27.0,2014-12-01,CH-AG,2021-06-04,meth
1739,0,12.0,2015-01-01,CH-AG,2021-06-04,meth
1740,0,13.0,2015-02-01,CH-AG,2021-06-04,meth
1741,0,0.0,2015-03-01,CH-AG,2021-06-04,meth
1742,0,0.0,2015-04-01,CH-AG,2021-06-04,meth
1743,0,0.0,2015-05-01,CH-AG,2021-06-04,meth
1744,0,0.0,2015-06-01,CH-AG,2021-06-04,meth
1745,0,0.0,2015-07-01,CH-AG,2021-06-04,meth
1746,0,0.0,2015-08-01,CH-AG,2021-06-04,meth
1747,0,0.0,2015-09-01,CH-AG,2021-06-04,meth
1748,0,14.0,2015-10-01,CH-AG,2021-06-04,meth
1749,0,14.0,2015-11-01,CH-AG,2021-06-04,meth
1750,0,0.0,2015-12-01,CH-AG,2021-06-04,meth
1751,0,11.0,2016-01-01,CH-AG,2021-06-04,meth
1752,0,0.0,2016-02-01,CH-AG,2021-06-04,meth
1753,0,0.0,2004-01-01,CH-AG,2021-06-03,meth
1754,0,0.0,2004-02-01,CH-AG,2021-06-03,meth
1755,0,0.0,2004-03-01,CH-AG,2021-06-03,meth
1756,0,0.0,2004-04-01,CH-AG,2021-06-03,meth
1757,0,0.0,2004-05-01,CH-AG,2021-06-03,meth
1758,0,0.0,2004-06-01,CH-AG,2021-06-03,meth
1759,0,0.0,2004-07-01,CH-AG,2021-06-03,meth
1760,0,0.0,2004-08-01,CH-AG,2021-06-03,meth
1761,0,0.0,2004-09-01,CH-AG,2021-06-03,meth
1762,0,0.0,2004-10-01,CH-AG,2021-06-03,meth
1763,0,0.0,2004-11-01,CH-AG,2021-06-03,meth
1764,0,0.0,2004-12-01,CH-AG,2021-06-03,meth
1765,0,0.0,2005-01-01,CH-AG,2021-06-03,meth
1766,0,0.0,2005-02-01,CH-AG,2021-06-03,meth
1767,0,0.0,2005-03-01,CH-AG,2021-06-03,meth
1768,0,0.0,2005-04-01,CH-AG,2021-06-03,meth
1769,0,0.0,2005-05-01,CH-AG,2021-06-03,meth
1770,0,0.0,2005-06-01,CH-AG,2021-06-03,meth
1771,0,0.0,2005-07-01,CH-AG,2021-06-03,meth
1772,0,0.0,2005-08-01,CH-AG,2021-06-03,meth
1773,0,0.0,2005-09-01,CH-AG,2021-06-03,meth
1774,0,0.0,2005-10-01,CH-AG,2021-06-03,meth
1775,0,0.0,2005-11-01,CH-AG,2021-06-03,meth
1776,0,0.0,2005-12-01,CH-AG,2021-06-03,meth
1777,0,0.0,2006-01-01,CH-AG,2021-06-03,meth
1778,0,0.0,2006-02-01,CH-AG,2021-06-03,meth
1779,0,0.0,2006-03-01,CH-AG,2021-06-03,meth
1780,0,0.0,2006-04-01,CH-AG,2021-06-03,meth
1781,0,0.0,2006-05-01,CH-AG,2021-06-03,meth
1782,0,0.0,2006-06-01,CH-AG,2021-06-03,meth
1783,0,0.0,2006-07-01,CH-AG,2021-06-03,meth
1784,0,0.0,2006-08-01,CH-AG,2021-06-03,meth
1785,0,0.0,2006-09-01,CH-AG,2021-06-03,meth
1786,0,0.0,2006-10-01,CH-AG,2021-06-03,meth
1787,0,0.0,2006-11-01,CH-AG,2021-06-03,meth
1788,0,0.0,2006-12-01,CH-AG,2021-06-03,meth
1789,0,0.0,2007-01-01,CH-AG,2021-06-03,meth
1790,0,0.0,2007-02-01,CH-AG,2021-06-03,meth
1791,0,0.0,2007-03-01,CH-AG,2021-06-03,meth
1792,0,0.0,2007-04-01,CH-AG,2021-06-03,meth
1793,0,0.0,2007-05-01,CH-AG,2021-06-03,meth
1794,0,0.0,2007-06-01,CH-AG,2021-06-03,meth
1795,0,0.0,2007-07-01,CH-AG,2021-06-03,meth
1796,0,0.0,2007-08-01,CH-AG,2021-06-03,meth
1797,0,0.0,2007-09-01,CH-AG,2021-06-03,meth
1798,0,0.0,2007-10-01,CH-AG,2021-06-03,meth
1799,0,0.0,2007-11-01,CH-AG,2021-06-03,meth
1800,0,0.0,2007-12-01,CH-AG,2021-06-03,meth
1801,0,0.0,2008-01-01,CH-AG,2021-06-03,meth
1802,0,0.0,2008-02-01,CH-AG,2021-06-03,meth
1803,0,0.0,2008-03-01,CH-AG,2021-06-03,meth
1804,0,0.0,2008-04-01,CH-AG,2021-06-03,meth
1805,0,0.0,2008-05-01,CH-AG,2021-06-03,meth
1806,0,0.0,2008-06-01,CH-AG,2021-06-03,meth
1807,0,0.0,2008-07-01,CH-AG,2021-06-03,meth
1808,0,0.0,2008-08-01,CH-AG,2021-06-03,meth
1809,0,0.0,2008-09-01,CH-AG,2021-06-03,meth
1810,0,0.0,2008-10-01,CH-AG,2021-06-03,meth
1811,0,0.0,2008-11-01,CH-AG,2021-06-03,meth
1812,0,0.0,2008-12-01,CH-AG,2021-06-03,meth
1813,0,0.0,2009-01-01,CH-AG,2021-06-03,meth
1814,0,0.0,2009-02-01,CH-AG,2021-06-03,meth
1815,0,0.0,2009-03-01,CH-AG,2021-06-03,meth
1816,0,0.0,2009-04-01,CH-AG,2021-06-03,meth
1817,0,0.0,2009-05-01,CH-AG,2021-06-03,meth
1818,0,0.0,2009-06-01,CH-AG,2021-06-03,meth
1819,0,0.0,2009-07-01,CH-AG,2021-06-03,meth
1820,0,0.0,2009-08-01,CH-AG,2021-06-03,meth
1821,0,0.0,2009-09-01,CH-AG,2021-06-03,meth
1822,0,0.0,2009-10-01,CH-AG,2021-06-03,meth
1823,0,0.0,2009-11-01,CH-AG,2021-06-03,meth
1824,0,0.0,2009-12-01,CH-AG,2021-06-03,meth
1825,0,0.0,2010-01-01,CH-AG,2021-06-03,meth
1826,0,0.0,2010-02-01,CH-AG,2021-06-03,meth
1827,0,0.0,2010-03-01,CH-AG,2021-06-03,meth
1828,0,0.0,2010-04-01,CH-AG,2021-06-03,meth
1829,0,0.0,2010-05-01,CH-AG,2021-06-03,meth
1830,0,0.0,2010-06-01,CH-AG,2021-06-03,meth
1831,0,0.0,2010-07-01,CH-AG,2021-06-03,meth
1832,0,0.0,2010-08-01,CH-AG,2021-06-03,meth
1833,0,0.0,2010-09-01,CH-AG,2021-06-03,meth
1834,0,0.0,2010-10-01,CH-AG,2021-06-03,meth
1835,0,0.0,2010-11-01,CH-AG,2021-06-03,meth
1836,0,0.0,2010-12-01,CH-AG,2021-06-03,meth
1837,0,42.0,2011-01-01,CH-AG,2021-06-03,meth
1838,0,43.0,2011-02-01,CH-AG,2021-06-03,meth
1839,0,38.0,2011-03-01,CH-AG,2021-06-03,meth
1840,0,0.0,2011-04-01,CH-AG,2021-06-03,meth
1841,0,0.0,2011-05-01,CH-AG,2021-06-03,meth
1842,0,0.0,2011-06-01,CH-AG,2021-06-03,meth
1843,0,63.0,2011-07-01,CH-AG,2021-06-03,meth
1844,0,0.0,2011-08-01,CH-AG,2021-06-03,meth
1845,0,40.0,2011-09-01,CH-AG,2021-06-03,meth
1846,0,0.0,2011-10-01,CH-AG,2021-06-03,meth
1847,0,0.0,2011-11-01,CH-AG,2021-06-03,meth
1848,0,54.0,2011-12-01,CH-AG,2021-06-03,meth
1849,0,0.0,2012-01-01,CH-AG,2021-06-03,meth
1850,0,0.0,2012-02-01,CH-AG,2021-06-03,meth
1851,0,100.0,2012-03-01,CH-AG,2021-06-03,meth
1852,0,0.0,2012-04-01,CH-AG,2021-06-03,meth
1853,0,0.0,2012-05-01,CH-AG,2021-06-03,meth
1854,0,0.0,2012-06-01,CH-AG,2021-06-03,meth
1855,0,51.0,2012-07-01,CH-AG,2021-06-03,meth
1856,0,48.0,2012-08-01,CH-AG,2021-06-03,meth
1857,0,46.0,2012-09-01,CH-AG,2021-06-03,meth
1858,0,0.0,2012-10-01,CH-AG,2021-06-03,meth
1859,0,0.0,2012-11-01,CH-AG,2021-06-03,meth
1860,0,94.0,2012-12-01,CH-AG,2021-06-03,meth
1861,0,0.0,2013-01-01,CH-AG,2021-06-03,meth
1862,0,0.0,2013-02-01,CH-AG,2021-06-03,meth
1863,0,0.0,2013-03-01,CH-AG,2021-06-03,meth
1864,0,73.0,2013-04-01,CH-AG,2021-06-03,meth
1865,0,0.0,2013-05-01,CH-AG,2021-06-03,meth
1866,0,0.0,2013-06-01,CH-AG,2021-06-03,meth
1867,0,45.0,2013-07-01,CH-AG,2021-06-03,meth
1868,0,0.0,2013-08-01,CH-AG,2021-06-03,meth
1869,0,75.0,2013-09-01,CH-AG,2021-06-03,meth
1870,0,75.0,2013-10-01,CH-AG,2021-06-03,meth
1871,0,36.0,2013-11-01,CH-AG,2021-06-03,meth
1872,0,74.0,2013-12-01,CH-AG,2021-06-03,meth
1873,0,33.0,2014-01-01,CH-AG,2021-06-03,meth
1874,0,0.0,2014-02-01,CH-AG,2021-06-03,meth
1875,0,68.0,2014-03-01,CH-AG,2021-06-03,meth
1876,0,70.0,2014-04-01,CH-AG,2021-06-03,meth
1877,0,71.0,2014-05-01,CH-AG,2021-06-03,meth
1878,0,42.0,2014-06-01,CH-AG,2021-06-03,meth
1879,0,0.0,2014-07-01,CH-AG,2021-06-03,meth
1880,0,0.0,2014-08-01,CH-AG,2021-06-03,meth
1881,0,41.0,2014-09-01,CH-AG,2021-06-03,meth
1882,0,0.0,2014-10-01,CH-AG,2021-06-03,meth
1883,0,0.0,2014-11-01,CH-AG,2021-06-03,meth
1884,0,0.0,2014-12-01,CH-AG,2021-06-03,meth
1885,0,73.0,2015-01-01,CH-AG,2021-06-03,meth
1886,0,42.0,2015-02-01,CH-AG,2021-06-03,meth
1887,0,0.0,2015-03-01,CH-AG,2021-06-03,meth
1888,0,40.0,2015-04-01,CH-AG,2021-06-03,meth
1889,0,0.0,2015-05-01,CH-AG,2021-06-03,meth
1890,0,0.0,2015-06-01,CH-AG,2021-06-03,meth
1891,0,0.0,2015-07-01,CH-AG,2021-06-03,meth
1892,0,0.0,2015-08-01,CH-AG,2021-06-03,meth
1893,0,88.0,2015-09-01,CH-AG,2021-06-03,meth
1894,0,85.0,2015-10-01,CH-AG,2021-06-03,meth
1895,0,0.0,2015-11-01,CH-AG,2021-06-03,meth
1896,0,0.0,2015-12-01,CH-AG,2021-06-03,meth
1897,0,33.0,2016-01-01,CH-AG,2021-06-03,meth
1898,0,35.0,2016-02-01,CH-AG,2021-06-03,meth
1899,0,0.0,2004-01-01,CH-AG,2021-06-02,meth
1900,0,0.0,2004-02-01,CH-AG,2021-06-02,meth
1901,0,0.0,2004-03-01,CH-AG,2021-06-02,meth
1902,0,0.0,2004-04-01,CH-AG,2021-06-02,meth
1903,0,0.0,2004-05-01,CH-AG,2021-06-02,meth
1904,0,0.0,2004-06-01,CH-AG,2021-06-02,meth
1905,0,0.0,2004-07-01,CH-AG,2021-06-02,meth
1906,0,0.0,2004-08-01,CH-AG,2021-06-02,meth
1907,0,0.0,2004-09-01,CH-AG,2021-06-02,meth
1908,0,0.0,2004-10-01,CH-AG,2021-06-02,meth
1909,0,0.0,2004-11-01,CH-AG,2021-06-02,meth
1910,0,0.0,2004-12-01,CH-AG,2021-06-02,meth
1911,0,0.0,2005-01-01,CH-AG,2021-06-02,meth
1912,0,0.0,2005-02-01,CH-AG,2021-06-02,meth
1913,0,0.0,2005-03-01,CH-AG,2021-06-02,meth
1914,0,0.0,2005-04-01,CH-AG,2021-06-02,meth
1915,0,0.0,2005-05-01,CH-AG,2021-06-02,meth
1916,0,0.0,2005-06-01,CH-AG,2021-06-02,meth
1917,0,0.0,2005-07-01,CH-AG,2021-06-02,meth
1918,0,0.0,2005-08-01,CH-AG,2021-06-02,meth
1919,0,0.0,2005-09-01,CH-AG,2021-06-02,meth
1920,0,0.0,2005-10-01,CH-AG,2021-06-02,meth
1921,0,0.0,2005-11-01,CH-AG,2021-06-02,meth
1922,0,0.0,2005-12-01,CH-AG,2021-06-02,meth
1923,0,0.0,2006-01-01,CH-AG,2021-06-02,meth
1924,0,0.0,2006-02-01,CH-AG,2021-06-02,meth
1925,0,0.0,2006-03-01,CH-AG,2021-06-02,meth
1926,0,0.0,2006-04-01,CH-AG,2021-06-02,meth
1927,0,0.0,2006-05-01,CH-AG,2021-06-02,meth
1928,0,0.0,2006-06-01,CH-AG,2021-06-02,meth
1929,0,0.0,2006-07-01,CH-AG,2021-06-02,meth
1930,0,0.0,2006-08-01,CH-AG,2021-06-02,meth
1931,0,0.0,2006-09-01,CH-AG,2021-06-02,meth
1932,0,0.0,2006-10-01,CH-AG,2021-06-02,meth
1933,0,0.0,2006-11-01,CH-AG,2021-06-02,meth
1934,0,0.0,2006-12-01,CH-AG,2021-06-02,meth
1935,0,0.0,2007-01-01,CH-AG,2021-06-02,meth
1936,0,0.0,2007-02-01,CH-AG,2021-06-02,meth
1937,0,0.0,2007-03-01,CH-AG,2021-06-02,meth
1938,0,0.0,2007-04-01,CH-AG,2021-06-02,meth
1939,0,0.0,2007-05-01,CH-AG,2021-06-02,meth
1940,0,0.0,2007-06-01,CH-AG,2021-06-02,meth
1941,0,0.0,2007-07-01,CH-AG,2021-06-02,meth
1942,0,0.0,2007-08-01,CH-AG,2021-06-02,meth
1943,0,0.0,2007-09-01,CH-AG,2021-06-02,meth
1944,0,0.0,2007-10-01,CH-AG,2021-06-02,meth
1945,0,0.0,2007-11-01,CH-AG,2021-06-02,meth
1946,0,0.0,2007-12-01,CH-AG,2021-06-02,meth
1947,0,0.0,2008-01-01,CH-AG,2021-06-02,meth
1948,0,100.0,2008-02-01,CH-AG,2021-06-02,meth
1949,0,0.0,2008-03-01,CH-AG,2021-06-02,meth
1950,0,0.0,2008-04-01,CH-AG,2021-06-02,meth
1951,0,0.0,2008-05-01,CH-AG,2021-06-02,meth
1952,0,0.0,2008-06-01,CH-AG,2021-06-02,meth
1953,0,0.0,2008-07-01,CH-AG,2021-06-02,meth
1954,0,0.0,2008-08-01,CH-AG,2021-06-02,meth
1955,0,0.0,2008-09-01,CH-AG,2021-06-02,meth
1956,0,0.0,2008-10-01,CH-AG,2021-06-02,meth
1957,0,0.0,2008-11-01,CH-AG,2021-06-02,meth
1958,0,0.0,2008-12-01,CH-AG,2021-06-02,meth
1959,0,0.0,2009-01-01,CH-AG,2021-06-02,meth
1960,0,0.0,2009-02-01,CH-AG,2021-06-02,meth
1961,0,0.0,2009-03-01,CH-AG,2021-06-02,meth
1962,0,0.0,2009-04-01,CH-AG,2021-06-02,meth
1963,0,0.0,2009-05-01,CH-AG,2021-06-02,meth
1964,0,0.0,2009-06-01,CH-AG,2021-06-02,meth
1965,0,0.0,2009-07-01,CH-AG,2021-06-02,meth
1966,0,0.0,2009-08-01,CH-AG,2021-06-02,meth
1967,0,0.0,2009-09-01,CH-AG,2021-06-02,meth
1968,0,0.0,2009-10-01,CH-AG,2021-06-02,meth
1969,0,0.0,2009-11-01,CH-AG,2021-06-02,meth
1970,0,0.0,2009-12-01,CH-AG,2021-06-02,meth
1971,0,0.0,2010-01-01,CH-AG,2021-06-02,meth
1972,0,0.0,2010-02-01,CH-AG,2021-06-02,meth
1973,0,0.0,2010-03-01,CH-AG,2021-06-02,meth
1974,0,0.0,2010-04-01,CH-AG,2021-06-02,meth
1975,0,0.0,2010-05-01,CH-AG,2021-06-02,meth
1976,0,0.0,2010-06-01,CH-AG,2021-06-02,meth
1977,0,0.0,2010-07-01,CH-AG,2021-06-02,meth
1978,0,0.0,2010-08-01,CH-AG,2021-06-02,meth
1979,0,0.0,2010-09-01,CH-AG,2021-06-02,meth
1980,0,0.0,2010-10-01,CH-AG,2021-06-02,meth
1981,0,0.0,2010-11-01,CH-AG,2021-06-02,meth
1982,0,0.0,2010-12-01,CH-AG,2021-06-02,meth
1983,0,0.0,2011-01-01,CH-AG,2021-06-02,meth
1984,0,9.0,2011-02-01,CH-AG,2021-06-02,meth
1985,0,8.0,2011-03-01,CH-AG,2021-06-02,meth
1986,0,0.0,2011-04-01,CH-AG,2021-06-02,meth
1987,0,0.0,2011-05-01,CH-AG,2021-06-02,meth
1988,0,0.0,2011-06-01,CH-AG,2021-06-02,meth
1989,0,13.0,2011-07-01,CH-AG,2021-06-02,meth
1990,0,0.0,2011-08-01,CH-AG,2021-06-02,meth
1991,0,8.0,2011-09-01,CH-AG,2021-06-02,meth
1992,0,0.0,2011-10-01,CH-AG,2021-06-02,meth
1993,0,0.0,2011-11-01,CH-AG,2021-06-02,meth
1994,0,0.0,2011-12-01,CH-AG,2021-06-02,meth
1995,0,0.0,2012-01-01,CH-AG,2021-06-02,meth
1996,0,0.0,2012-02-01,CH-AG,2021-06-02,meth
1997,0,11.0,2012-03-01,CH-AG,2021-06-02,meth
1998,0,0.0,2012-04-01,CH-AG,2021-06-02,meth
1999,0,0.0,2012-05-01,CH-AG,2021-06-02,meth
2000,0,0.0,2012-06-01,CH-AG,2021-06-02,meth
2001,0,11.0,2012-07-01,CH-AG,2021-06-02,meth
2002,0,10.0,2012-08-01,CH-AG,2021-06-02,meth
2003,0,0.0,2012-09-01,CH-AG,2021-06-02,meth
2004,0,0.0,2012-10-01,CH-AG,2021-06-02,meth
2005,0,0.0,2012-11-01,CH-AG,2021-06-02,meth
2006,0,0.0,2012-12-01,CH-AG,2021-06-02,meth
2007,0,9.0,2013-01-01,CH-AG,2021-06-02,meth
2008,0,0.0,2013-02-01,CH-AG,2021-06-02,meth
2009,0,0.0,2013-03-01,CH-AG,2021-06-02,meth
2010,0,8.0,2013-04-01,CH-AG,2021-06-02,meth
2011,0,0.0,2013-05-01,CH-AG,2021-06-02,meth
2012,0,8.0,2013-06-01,CH-AG,2021-06-02,meth
2013,0,0.0,2013-07-01,CH-AG,2021-06-02,meth
2014,0,0.0,2013-08-01,CH-AG,2021-06-02,meth
2015,0,0.0,2013-09-01,CH-AG,2021-06-02,meth
2016,0,16.0,2013-10-01,CH-AG,2021-06-02,meth
2017,0,23.0,2013-11-01,CH-AG,2021-06-02,meth
2018,0,8.0,2013-12-01,CH-AG,2021-06-02,meth
2019,0,14.0,2014-01-01,CH-AG,2021-06-02,meth
2020,0,0.0,2014-02-01,CH-AG,2021-06-02,meth
2021,0,7.0,2014-03-01,CH-AG,2021-06-02,meth
2022,0,0.0,2014-04-01,CH-AG,2021-06-02,meth
2023,0,30.0,2014-05-01,CH-AG,2021-06-02,meth
2024,0,0.0,2014-06-01,CH-AG,2021-06-02,meth
2025,0,0.0,2014-07-01,CH-AG,2021-06-02,meth
2026,0,0.0,2014-08-01,CH-AG,2021-06-02,meth
2027,0,0.0,2014-09-01,CH-AG,2021-06-02,meth
2028,0,8.0,2014-10-01,CH-AG,2021-06-02,meth
2029,0,8.0,2014-11-01,CH-AG,2021-06-02,meth
2030,0,9.0,2014-12-01,CH-AG,2021-06-02,meth
2031,0,31.0,2015-01-01,CH-AG,2021-06-02,meth
2032,0,0.0,2015-02-01,CH-AG,2021-06-02,meth
2033,0,0.0,2015-03-01,CH-AG,2021-06-02,meth
2034,0,0.0,2015-04-01,CH-AG,2021-06-02,meth
2035,0,8.0,2015-05-01,CH-AG,2021-06-02,meth
2036,0,9.0,2015-06-01,CH-AG,2021-06-02,meth
2037,0,0.0,2015-07-01,CH-AG,2021-06-02,meth
2038,0,0.0,2015-08-01,CH-AG,2021-06-02,meth
2039,0,9.0,2015-09-01,CH-AG,2021-06-02,meth
2040,0,18.0,2015-10-01,CH-AG,2021-06-02,meth
2041,0,9.0,2015-11-01,CH-AG,2021-06-02,meth
2042,0,0.0,2015-12-01,CH-AG,2021-06-02,meth
2043,0,0.0,2016-01-01,CH-AG,2021-06-02,meth
2044,0,8.0,2016-02-01,CH-AG,2021-06-02,meth
