,gt_value,date,region,date_obtained,term_topic
0,,,CH-AG,2021-06-03.xlsx,meth
1,,,CH-AG,2021-06-03.xlsx,meth
2,0.0,2004-01-01,CH-AG,2021-05-29.xlsx,meth
3,0.0,2004-02-01,CH-AG,2021-05-29.xlsx,meth
4,0.0,2004-03-01,CH-AG,2021-05-29.xlsx,meth
5,0.0,2004-04-01,CH-AG,2021-05-29.xlsx,meth
6,0.0,2004-05-01,CH-AG,2021-05-29.xlsx,meth
7,0.0,2004-06-01,CH-AG,2021-05-29.xlsx,meth
8,0.0,2004-07-01,CH-AG,2021-05-29.xlsx,meth
9,0.0,2004-08-01,CH-AG,2021-05-29.xlsx,meth
10,0.0,2004-09-01,CH-AG,2021-05-29.xlsx,meth
11,0.0,2004-10-01,CH-AG,2021-05-29.xlsx,meth
12,0.0,2004-11-01,CH-AG,2021-05-29.xlsx,meth
13,0.0,2004-12-01,CH-AG,2021-05-29.xlsx,meth
14,0.0,2005-01-01,CH-AG,2021-05-29.xlsx,meth
15,0.0,2005-02-01,CH-AG,2021-05-29.xlsx,meth
16,0.0,2005-03-01,CH-AG,2021-05-29.xlsx,meth
17,0.0,2005-04-01,CH-AG,2021-05-29.xlsx,meth
18,0.0,2005-05-01,CH-AG,2021-05-29.xlsx,meth
19,0.0,2005-06-01,CH-AG,2021-05-29.xlsx,meth
20,0.0,2005-07-01,CH-AG,2021-05-29.xlsx,meth
21,0.0,2005-08-01,CH-AG,2021-05-29.xlsx,meth
22,0.0,2005-09-01,CH-AG,2021-05-29.xlsx,meth
23,0.0,2005-10-01,CH-AG,2021-05-29.xlsx,meth
24,0.0,2005-11-01,CH-AG,2021-05-29.xlsx,meth
25,0.0,2005-12-01,CH-AG,2021-05-29.xlsx,meth
26,0.0,2006-01-01,CH-AG,2021-05-29.xlsx,meth
27,0.0,2006-02-01,CH-AG,2021-05-29.xlsx,meth
28,0.0,2006-03-01,CH-AG,2021-05-29.xlsx,meth
29,0.0,2006-04-01,CH-AG,2021-05-29.xlsx,meth
30,0.0,2006-05-01,CH-AG,2021-05-29.xlsx,meth
31,0.0,2006-06-01,CH-AG,2021-05-29.xlsx,meth
32,0.0,2006-07-01,CH-AG,2021-05-29.xlsx,meth
33,0.0,2006-08-01,CH-AG,2021-05-29.xlsx,meth
34,0.0,2006-09-01,CH-AG,2021-05-29.xlsx,meth
35,0.0,2006-10-01,CH-AG,2021-05-29.xlsx,meth
36,0.0,2006-11-01,CH-AG,2021-05-29.xlsx,meth
37,0.0,2006-12-01,CH-AG,2021-05-29.xlsx,meth
38,0.0,2007-01-01,CH-AG,2021-05-29.xlsx,meth
39,0.0,2007-02-01,CH-AG,2021-05-29.xlsx,meth
40,0.0,2007-03-01,CH-AG,2021-05-29.xlsx,meth
41,0.0,2007-04-01,CH-AG,2021-05-29.xlsx,meth
42,0.0,2007-05-01,CH-AG,2021-05-29.xlsx,meth
43,0.0,2007-06-01,CH-AG,2021-05-29.xlsx,meth
44,0.0,2007-07-01,CH-AG,2021-05-29.xlsx,meth
45,0.0,2007-08-01,CH-AG,2021-05-29.xlsx,meth
46,0.0,2007-09-01,CH-AG,2021-05-29.xlsx,meth
47,0.0,2007-10-01,CH-AG,2021-05-29.xlsx,meth
48,0.0,2007-11-01,CH-AG,2021-05-29.xlsx,meth
49,0.0,2007-12-01,CH-AG,2021-05-29.xlsx,meth
50,0.0,2008-01-01,CH-AG,2021-05-29.xlsx,meth
51,100.0,2008-02-01,CH-AG,2021-05-29.xlsx,meth
52,0.0,2008-03-01,CH-AG,2021-05-29.xlsx,meth
53,0.0,2008-04-01,CH-AG,2021-05-29.xlsx,meth
54,0.0,2008-05-01,CH-AG,2021-05-29.xlsx,meth
55,0.0,2008-06-01,CH-AG,2021-05-29.xlsx,meth
56,0.0,2008-07-01,CH-AG,2021-05-29.xlsx,meth
57,0.0,2008-08-01,CH-AG,2021-05-29.xlsx,meth
58,0.0,2008-09-01,CH-AG,2021-05-29.xlsx,meth
59,0.0,2008-10-01,CH-AG,2021-05-29.xlsx,meth
60,0.0,2008-11-01,CH-AG,2021-05-29.xlsx,meth
61,0.0,2008-12-01,CH-AG,2021-05-29.xlsx,meth
62,0.0,2009-01-01,CH-AG,2021-05-29.xlsx,meth
63,0.0,2009-02-01,CH-AG,2021-05-29.xlsx,meth
64,0.0,2009-03-01,CH-AG,2021-05-29.xlsx,meth
65,0.0,2009-04-01,CH-AG,2021-05-29.xlsx,meth
66,0.0,2009-05-01,CH-AG,2021-05-29.xlsx,meth
67,0.0,2009-06-01,CH-AG,2021-05-29.xlsx,meth
68,0.0,2009-07-01,CH-AG,2021-05-29.xlsx,meth
69,0.0,2009-08-01,CH-AG,2021-05-29.xlsx,meth
70,0.0,2009-09-01,CH-AG,2021-05-29.xlsx,meth
71,0.0,2009-10-01,CH-AG,2021-05-29.xlsx,meth
72,0.0,2009-11-01,CH-AG,2021-05-29.xlsx,meth
73,0.0,2009-12-01,CH-AG,2021-05-29.xlsx,meth
74,0.0,2010-01-01,CH-AG,2021-05-29.xlsx,meth
75,0.0,2010-02-01,CH-AG,2021-05-29.xlsx,meth
76,0.0,2010-03-01,CH-AG,2021-05-29.xlsx,meth
77,0.0,2010-04-01,CH-AG,2021-05-29.xlsx,meth
78,0.0,2010-05-01,CH-AG,2021-05-29.xlsx,meth
79,0.0,2010-06-01,CH-AG,2021-05-29.xlsx,meth
80,0.0,2010-07-01,CH-AG,2021-05-29.xlsx,meth
81,0.0,2010-08-01,CH-AG,2021-05-29.xlsx,meth
82,0.0,2010-09-01,CH-AG,2021-05-29.xlsx,meth
83,0.0,2010-10-01,CH-AG,2021-05-29.xlsx,meth
84,0.0,2010-11-01,CH-AG,2021-05-29.xlsx,meth
85,0.0,2010-12-01,CH-AG,2021-05-29.xlsx,meth
86,0.0,2011-01-01,CH-AG,2021-05-29.xlsx,meth
87,0.0,2011-02-01,CH-AG,2021-05-29.xlsx,meth
88,0.0,2011-03-01,CH-AG,2021-05-29.xlsx,meth
89,0.0,2011-04-01,CH-AG,2021-05-29.xlsx,meth
90,0.0,2011-05-01,CH-AG,2021-05-29.xlsx,meth
91,0.0,2011-06-01,CH-AG,2021-05-29.xlsx,meth
92,14.0,2011-07-01,CH-AG,2021-05-29.xlsx,meth
93,0.0,2011-08-01,CH-AG,2021-05-29.xlsx,meth
94,17.0,2011-09-01,CH-AG,2021-05-29.xlsx,meth
95,0.0,2011-10-01,CH-AG,2021-05-29.xlsx,meth
96,0.0,2011-11-01,CH-AG,2021-05-29.xlsx,meth
97,0.0,2011-12-01,CH-AG,2021-05-29.xlsx,meth
98,0.0,2012-01-01,CH-AG,2021-05-29.xlsx,meth
99,0.0,2012-02-01,CH-AG,2021-05-29.xlsx,meth
100,11.0,2012-03-01,CH-AG,2021-05-29.xlsx,meth
101,0.0,2012-04-01,CH-AG,2021-05-29.xlsx,meth
102,0.0,2012-05-01,CH-AG,2021-05-29.xlsx,meth
103,0.0,2012-06-01,CH-AG,2021-05-29.xlsx,meth
104,0.0,2012-07-01,CH-AG,2021-05-29.xlsx,meth
105,0.0,2012-08-01,CH-AG,2021-05-29.xlsx,meth
106,0.0,2012-09-01,CH-AG,2021-05-29.xlsx,meth
107,9.0,2012-10-01,CH-AG,2021-05-29.xlsx,meth
108,0.0,2012-11-01,CH-AG,2021-05-29.xlsx,meth
109,10.0,2012-12-01,CH-AG,2021-05-29.xlsx,meth
110,9.0,2013-01-01,CH-AG,2021-05-29.xlsx,meth
111,0.0,2013-02-01,CH-AG,2021-05-29.xlsx,meth
112,0.0,2013-03-01,CH-AG,2021-05-29.xlsx,meth
113,8.0,2013-04-01,CH-AG,2021-05-29.xlsx,meth
114,0.0,2013-05-01,CH-AG,2021-05-29.xlsx,meth
115,8.0,2013-06-01,CH-AG,2021-05-29.xlsx,meth
116,19.0,2013-07-01,CH-AG,2021-05-29.xlsx,meth
117,0.0,2013-08-01,CH-AG,2021-05-29.xlsx,meth
118,8.0,2013-09-01,CH-AG,2021-05-29.xlsx,meth
119,8.0,2013-10-01,CH-AG,2021-05-29.xlsx,meth
120,16.0,2013-11-01,CH-AG,2021-05-29.xlsx,meth
121,16.0,2013-12-01,CH-AG,2021-05-29.xlsx,meth
122,7.0,2014-01-01,CH-AG,2021-05-29.xlsx,meth
123,8.0,2014-02-01,CH-AG,2021-05-29.xlsx,meth
124,21.0,2014-03-01,CH-AG,2021-05-29.xlsx,meth
125,0.0,2014-04-01,CH-AG,2021-05-29.xlsx,meth
126,8.0,2014-05-01,CH-AG,2021-05-29.xlsx,meth
127,0.0,2014-06-01,CH-AG,2021-05-29.xlsx,meth
128,0.0,2014-07-01,CH-AG,2021-05-29.xlsx,meth
129,0.0,2014-08-01,CH-AG,2021-05-29.xlsx,meth
130,0.0,2014-09-01,CH-AG,2021-05-29.xlsx,meth
131,0.0,2014-10-01,CH-AG,2021-05-29.xlsx,meth
132,17.0,2014-11-01,CH-AG,2021-05-29.xlsx,meth
133,9.0,2014-12-01,CH-AG,2021-05-29.xlsx,meth
134,8.0,2015-01-01,CH-AG,2021-05-29.xlsx,meth
135,9.0,2015-02-01,CH-AG,2021-05-29.xlsx,meth
136,0.0,2015-03-01,CH-AG,2021-05-29.xlsx,meth
137,0.0,2015-04-01,CH-AG,2021-05-29.xlsx,meth
138,8.0,2015-05-01,CH-AG,2021-05-29.xlsx,meth
139,9.0,2015-06-01,CH-AG,2021-05-29.xlsx,meth
140,10.0,2015-07-01,CH-AG,2021-05-29.xlsx,meth
141,9.0,2015-08-01,CH-AG,2021-05-29.xlsx,meth
142,0.0,2015-09-01,CH-AG,2021-05-29.xlsx,meth
143,0.0,2015-10-01,CH-AG,2021-05-29.xlsx,meth
144,9.0,2015-11-01,CH-AG,2021-05-29.xlsx,meth
145,0.0,2015-12-01,CH-AG,2021-05-29.xlsx,meth
146,0.0,2016-01-01,CH-AG,2021-05-29.xlsx,meth
147,7.0,2016-02-01,CH-AG,2021-05-29.xlsx,meth
148,0.0,2004-01-01,CH-AG,2021-03-27.xlsx,meth
149,0.0,2004-02-01,CH-AG,2021-03-27.xlsx,meth
150,0.0,2004-03-01,CH-AG,2021-03-27.xlsx,meth
151,0.0,2004-04-01,CH-AG,2021-03-27.xlsx,meth
152,0.0,2004-05-01,CH-AG,2021-03-27.xlsx,meth
153,0.0,2004-06-01,CH-AG,2021-03-27.xlsx,meth
154,0.0,2004-07-01,CH-AG,2021-03-27.xlsx,meth
155,0.0,2004-08-01,CH-AG,2021-03-27.xlsx,meth
156,0.0,2004-09-01,CH-AG,2021-03-27.xlsx,meth
157,0.0,2004-10-01,CH-AG,2021-03-27.xlsx,meth
158,0.0,2004-11-01,CH-AG,2021-03-27.xlsx,meth
159,0.0,2004-12-01,CH-AG,2021-03-27.xlsx,meth
160,0.0,2005-01-01,CH-AG,2021-03-27.xlsx,meth
161,0.0,2005-02-01,CH-AG,2021-03-27.xlsx,meth
162,0.0,2005-03-01,CH-AG,2021-03-27.xlsx,meth
163,0.0,2005-04-01,CH-AG,2021-03-27.xlsx,meth
164,0.0,2005-05-01,CH-AG,2021-03-27.xlsx,meth
165,0.0,2005-06-01,CH-AG,2021-03-27.xlsx,meth
166,0.0,2005-07-01,CH-AG,2021-03-27.xlsx,meth
167,0.0,2005-08-01,CH-AG,2021-03-27.xlsx,meth
168,0.0,2005-09-01,CH-AG,2021-03-27.xlsx,meth
169,0.0,2005-10-01,CH-AG,2021-03-27.xlsx,meth
170,0.0,2005-11-01,CH-AG,2021-03-27.xlsx,meth
171,0.0,2005-12-01,CH-AG,2021-03-27.xlsx,meth
172,0.0,2006-01-01,CH-AG,2021-03-27.xlsx,meth
173,0.0,2006-02-01,CH-AG,2021-03-27.xlsx,meth
174,0.0,2006-03-01,CH-AG,2021-03-27.xlsx,meth
175,0.0,2006-04-01,CH-AG,2021-03-27.xlsx,meth
176,0.0,2006-05-01,CH-AG,2021-03-27.xlsx,meth
177,0.0,2006-06-01,CH-AG,2021-03-27.xlsx,meth
178,0.0,2006-07-01,CH-AG,2021-03-27.xlsx,meth
179,0.0,2006-08-01,CH-AG,2021-03-27.xlsx,meth
180,0.0,2006-09-01,CH-AG,2021-03-27.xlsx,meth
181,0.0,2006-10-01,CH-AG,2021-03-27.xlsx,meth
182,0.0,2006-11-01,CH-AG,2021-03-27.xlsx,meth
183,0.0,2006-12-01,CH-AG,2021-03-27.xlsx,meth
184,0.0,2007-01-01,CH-AG,2021-03-27.xlsx,meth
185,0.0,2007-02-01,CH-AG,2021-03-27.xlsx,meth
186,0.0,2007-03-01,CH-AG,2021-03-27.xlsx,meth
187,0.0,2007-04-01,CH-AG,2021-03-27.xlsx,meth
188,0.0,2007-05-01,CH-AG,2021-03-27.xlsx,meth
189,0.0,2007-06-01,CH-AG,2021-03-27.xlsx,meth
190,0.0,2007-07-01,CH-AG,2021-03-27.xlsx,meth
191,0.0,2007-08-01,CH-AG,2021-03-27.xlsx,meth
192,0.0,2007-09-01,CH-AG,2021-03-27.xlsx,meth
193,0.0,2007-10-01,CH-AG,2021-03-27.xlsx,meth
194,0.0,2007-11-01,CH-AG,2021-03-27.xlsx,meth
195,0.0,2007-12-01,CH-AG,2021-03-27.xlsx,meth
196,0.0,2008-01-01,CH-AG,2021-03-27.xlsx,meth
197,0.0,2008-02-01,CH-AG,2021-03-27.xlsx,meth
198,0.0,2008-03-01,CH-AG,2021-03-27.xlsx,meth
199,0.0,2008-04-01,CH-AG,2021-03-27.xlsx,meth
200,0.0,2008-05-01,CH-AG,2021-03-27.xlsx,meth
201,0.0,2008-06-01,CH-AG,2021-03-27.xlsx,meth
202,0.0,2008-07-01,CH-AG,2021-03-27.xlsx,meth
203,0.0,2008-08-01,CH-AG,2021-03-27.xlsx,meth
204,0.0,2008-09-01,CH-AG,2021-03-27.xlsx,meth
205,0.0,2008-10-01,CH-AG,2021-03-27.xlsx,meth
206,0.0,2008-11-01,CH-AG,2021-03-27.xlsx,meth
207,0.0,2008-12-01,CH-AG,2021-03-27.xlsx,meth
208,0.0,2009-01-01,CH-AG,2021-03-27.xlsx,meth
209,0.0,2009-02-01,CH-AG,2021-03-27.xlsx,meth
210,0.0,2009-03-01,CH-AG,2021-03-27.xlsx,meth
211,0.0,2009-04-01,CH-AG,2021-03-27.xlsx,meth
212,0.0,2009-05-01,CH-AG,2021-03-27.xlsx,meth
213,0.0,2009-06-01,CH-AG,2021-03-27.xlsx,meth
214,0.0,2009-07-01,CH-AG,2021-03-27.xlsx,meth
215,0.0,2009-08-01,CH-AG,2021-03-27.xlsx,meth
216,0.0,2009-09-01,CH-AG,2021-03-27.xlsx,meth
217,0.0,2009-10-01,CH-AG,2021-03-27.xlsx,meth
218,0.0,2009-11-01,CH-AG,2021-03-27.xlsx,meth
219,0.0,2009-12-01,CH-AG,2021-03-27.xlsx,meth
220,0.0,2010-01-01,CH-AG,2021-03-27.xlsx,meth
221,0.0,2010-02-01,CH-AG,2021-03-27.xlsx,meth
222,0.0,2010-03-01,CH-AG,2021-03-27.xlsx,meth
223,0.0,2010-04-01,CH-AG,2021-03-27.xlsx,meth
224,0.0,2010-05-01,CH-AG,2021-03-27.xlsx,meth
225,0.0,2010-06-01,CH-AG,2021-03-27.xlsx,meth
226,0.0,2010-07-01,CH-AG,2021-03-27.xlsx,meth
227,0.0,2010-08-01,CH-AG,2021-03-27.xlsx,meth
228,0.0,2010-09-01,CH-AG,2021-03-27.xlsx,meth
229,100.0,2010-10-01,CH-AG,2021-03-27.xlsx,meth
230,0.0,2010-11-01,CH-AG,2021-03-27.xlsx,meth
231,0.0,2010-12-01,CH-AG,2021-03-27.xlsx,meth
232,0.0,2011-01-01,CH-AG,2021-03-27.xlsx,meth
233,14.0,2011-02-01,CH-AG,2021-03-27.xlsx,meth
234,24.0,2011-03-01,CH-AG,2021-03-27.xlsx,meth
235,0.0,2011-04-01,CH-AG,2021-03-27.xlsx,meth
236,14.0,2011-05-01,CH-AG,2021-03-27.xlsx,meth
237,0.0,2011-06-01,CH-AG,2021-03-27.xlsx,meth
238,20.0,2011-07-01,CH-AG,2021-03-27.xlsx,meth
239,0.0,2011-08-01,CH-AG,2021-03-27.xlsx,meth
240,0.0,2011-09-01,CH-AG,2021-03-27.xlsx,meth
241,0.0,2011-10-01,CH-AG,2021-03-27.xlsx,meth
242,0.0,2011-11-01,CH-AG,2021-03-27.xlsx,meth
243,0.0,2011-12-01,CH-AG,2021-03-27.xlsx,meth
244,0.0,2012-01-01,CH-AG,2021-03-27.xlsx,meth
245,0.0,2012-02-01,CH-AG,2021-03-27.xlsx,meth
246,15.0,2012-03-01,CH-AG,2021-03-27.xlsx,meth
247,15.0,2012-04-01,CH-AG,2021-03-27.xlsx,meth
248,0.0,2012-05-01,CH-AG,2021-03-27.xlsx,meth
249,0.0,2012-06-01,CH-AG,2021-03-27.xlsx,meth
250,0.0,2012-07-01,CH-AG,2021-03-27.xlsx,meth
251,0.0,2012-08-01,CH-AG,2021-03-27.xlsx,meth
252,0.0,2012-09-01,CH-AG,2021-03-27.xlsx,meth
253,14.0,2012-10-01,CH-AG,2021-03-27.xlsx,meth
254,0.0,2012-11-01,CH-AG,2021-03-27.xlsx,meth
255,0.0,2012-12-01,CH-AG,2021-03-27.xlsx,meth
256,13.0,2013-01-01,CH-AG,2021-03-27.xlsx,meth
257,0.0,2013-02-01,CH-AG,2021-03-27.xlsx,meth
258,12.0,2013-03-01,CH-AG,2021-03-27.xlsx,meth
259,11.0,2013-04-01,CH-AG,2021-03-27.xlsx,meth
260,0.0,2013-05-01,CH-AG,2021-03-27.xlsx,meth
261,12.0,2013-06-01,CH-AG,2021-03-27.xlsx,meth
262,0.0,2013-07-01,CH-AG,2021-03-27.xlsx,meth
263,0.0,2013-08-01,CH-AG,2021-03-27.xlsx,meth
264,23.0,2013-09-01,CH-AG,2021-03-27.xlsx,meth
265,0.0,2013-10-01,CH-AG,2021-03-27.xlsx,meth
266,23.0,2013-11-01,CH-AG,2021-03-27.xlsx,meth
267,12.0,2013-12-01,CH-AG,2021-03-27.xlsx,meth
268,21.0,2014-01-01,CH-AG,2021-03-27.xlsx,meth
269,12.0,2014-02-01,CH-AG,2021-03-27.xlsx,meth
270,11.0,2014-03-01,CH-AG,2021-03-27.xlsx,meth
271,22.0,2014-04-01,CH-AG,2021-03-27.xlsx,meth
272,22.0,2014-05-01,CH-AG,2021-03-27.xlsx,meth
273,13.0,2014-06-01,CH-AG,2021-03-27.xlsx,meth
274,14.0,2014-07-01,CH-AG,2021-03-27.xlsx,meth
275,0.0,2014-08-01,CH-AG,2021-03-27.xlsx,meth
276,26.0,2014-09-01,CH-AG,2021-03-27.xlsx,meth
277,0.0,2014-10-01,CH-AG,2021-03-27.xlsx,meth
278,25.0,2014-11-01,CH-AG,2021-03-27.xlsx,meth
279,26.0,2014-12-01,CH-AG,2021-03-27.xlsx,meth
280,34.0,2015-01-01,CH-AG,2021-03-27.xlsx,meth
281,0.0,2015-02-01,CH-AG,2021-03-27.xlsx,meth
282,0.0,2015-03-01,CH-AG,2021-03-27.xlsx,meth
283,12.0,2015-04-01,CH-AG,2021-03-27.xlsx,meth
284,0.0,2015-05-01,CH-AG,2021-03-27.xlsx,meth
285,0.0,2015-06-01,CH-AG,2021-03-27.xlsx,meth
286,0.0,2015-07-01,CH-AG,2021-03-27.xlsx,meth
287,0.0,2015-08-01,CH-AG,2021-03-27.xlsx,meth
288,14.0,2015-09-01,CH-AG,2021-03-27.xlsx,meth
289,0.0,2015-10-01,CH-AG,2021-03-27.xlsx,meth
290,13.0,2015-11-01,CH-AG,2021-03-27.xlsx,meth
291,0.0,2015-12-01,CH-AG,2021-03-27.xlsx,meth
292,0.0,2016-01-01,CH-AG,2021-03-27.xlsx,meth
293,0.0,2016-02-01,CH-AG,2021-03-27.xlsx,meth
294,0.0,2004-01-01,CH-AG,2021-03-31.xlsx,meth
295,0.0,2004-02-01,CH-AG,2021-03-31.xlsx,meth
296,0.0,2004-03-01,CH-AG,2021-03-31.xlsx,meth
297,0.0,2004-04-01,CH-AG,2021-03-31.xlsx,meth
298,0.0,2004-05-01,CH-AG,2021-03-31.xlsx,meth
299,0.0,2004-06-01,CH-AG,2021-03-31.xlsx,meth
300,0.0,2004-07-01,CH-AG,2021-03-31.xlsx,meth
301,0.0,2004-08-01,CH-AG,2021-03-31.xlsx,meth
302,0.0,2004-09-01,CH-AG,2021-03-31.xlsx,meth
303,0.0,2004-10-01,CH-AG,2021-03-31.xlsx,meth
304,0.0,2004-11-01,CH-AG,2021-03-31.xlsx,meth
305,0.0,2004-12-01,CH-AG,2021-03-31.xlsx,meth
306,0.0,2005-01-01,CH-AG,2021-03-31.xlsx,meth
307,0.0,2005-02-01,CH-AG,2021-03-31.xlsx,meth
308,0.0,2005-03-01,CH-AG,2021-03-31.xlsx,meth
309,0.0,2005-04-01,CH-AG,2021-03-31.xlsx,meth
310,0.0,2005-05-01,CH-AG,2021-03-31.xlsx,meth
311,0.0,2005-06-01,CH-AG,2021-03-31.xlsx,meth
312,0.0,2005-07-01,CH-AG,2021-03-31.xlsx,meth
313,0.0,2005-08-01,CH-AG,2021-03-31.xlsx,meth
314,0.0,2005-09-01,CH-AG,2021-03-31.xlsx,meth
315,0.0,2005-10-01,CH-AG,2021-03-31.xlsx,meth
316,0.0,2005-11-01,CH-AG,2021-03-31.xlsx,meth
317,0.0,2005-12-01,CH-AG,2021-03-31.xlsx,meth
318,0.0,2006-01-01,CH-AG,2021-03-31.xlsx,meth
319,0.0,2006-02-01,CH-AG,2021-03-31.xlsx,meth
320,0.0,2006-03-01,CH-AG,2021-03-31.xlsx,meth
321,0.0,2006-04-01,CH-AG,2021-03-31.xlsx,meth
322,0.0,2006-05-01,CH-AG,2021-03-31.xlsx,meth
323,0.0,2006-06-01,CH-AG,2021-03-31.xlsx,meth
324,0.0,2006-07-01,CH-AG,2021-03-31.xlsx,meth
325,0.0,2006-08-01,CH-AG,2021-03-31.xlsx,meth
326,0.0,2006-09-01,CH-AG,2021-03-31.xlsx,meth
327,0.0,2006-10-01,CH-AG,2021-03-31.xlsx,meth
328,0.0,2006-11-01,CH-AG,2021-03-31.xlsx,meth
329,0.0,2006-12-01,CH-AG,2021-03-31.xlsx,meth
330,0.0,2007-01-01,CH-AG,2021-03-31.xlsx,meth
331,0.0,2007-02-01,CH-AG,2021-03-31.xlsx,meth
332,0.0,2007-03-01,CH-AG,2021-03-31.xlsx,meth
333,0.0,2007-04-01,CH-AG,2021-03-31.xlsx,meth
334,0.0,2007-05-01,CH-AG,2021-03-31.xlsx,meth
335,0.0,2007-06-01,CH-AG,2021-03-31.xlsx,meth
336,0.0,2007-07-01,CH-AG,2021-03-31.xlsx,meth
337,0.0,2007-08-01,CH-AG,2021-03-31.xlsx,meth
338,0.0,2007-09-01,CH-AG,2021-03-31.xlsx,meth
339,0.0,2007-10-01,CH-AG,2021-03-31.xlsx,meth
340,0.0,2007-11-01,CH-AG,2021-03-31.xlsx,meth
341,0.0,2007-12-01,CH-AG,2021-03-31.xlsx,meth
342,0.0,2008-01-01,CH-AG,2021-03-31.xlsx,meth
343,0.0,2008-02-01,CH-AG,2021-03-31.xlsx,meth
344,0.0,2008-03-01,CH-AG,2021-03-31.xlsx,meth
345,0.0,2008-04-01,CH-AG,2021-03-31.xlsx,meth
346,0.0,2008-05-01,CH-AG,2021-03-31.xlsx,meth
347,0.0,2008-06-01,CH-AG,2021-03-31.xlsx,meth
348,0.0,2008-07-01,CH-AG,2021-03-31.xlsx,meth
349,0.0,2008-08-01,CH-AG,2021-03-31.xlsx,meth
350,0.0,2008-09-01,CH-AG,2021-03-31.xlsx,meth
351,0.0,2008-10-01,CH-AG,2021-03-31.xlsx,meth
352,0.0,2008-11-01,CH-AG,2021-03-31.xlsx,meth
353,0.0,2008-12-01,CH-AG,2021-03-31.xlsx,meth
354,0.0,2009-01-01,CH-AG,2021-03-31.xlsx,meth
355,0.0,2009-02-01,CH-AG,2021-03-31.xlsx,meth
356,0.0,2009-03-01,CH-AG,2021-03-31.xlsx,meth
357,0.0,2009-04-01,CH-AG,2021-03-31.xlsx,meth
358,0.0,2009-05-01,CH-AG,2021-03-31.xlsx,meth
359,0.0,2009-06-01,CH-AG,2021-03-31.xlsx,meth
360,0.0,2009-07-01,CH-AG,2021-03-31.xlsx,meth
361,0.0,2009-08-01,CH-AG,2021-03-31.xlsx,meth
362,0.0,2009-09-01,CH-AG,2021-03-31.xlsx,meth
363,0.0,2009-10-01,CH-AG,2021-03-31.xlsx,meth
364,0.0,2009-11-01,CH-AG,2021-03-31.xlsx,meth
365,0.0,2009-12-01,CH-AG,2021-03-31.xlsx,meth
366,0.0,2010-01-01,CH-AG,2021-03-31.xlsx,meth
367,0.0,2010-02-01,CH-AG,2021-03-31.xlsx,meth
368,0.0,2010-03-01,CH-AG,2021-03-31.xlsx,meth
369,0.0,2010-04-01,CH-AG,2021-03-31.xlsx,meth
370,0.0,2010-05-01,CH-AG,2021-03-31.xlsx,meth
371,0.0,2010-06-01,CH-AG,2021-03-31.xlsx,meth
372,0.0,2010-07-01,CH-AG,2021-03-31.xlsx,meth
373,0.0,2010-08-01,CH-AG,2021-03-31.xlsx,meth
374,0.0,2010-09-01,CH-AG,2021-03-31.xlsx,meth
375,0.0,2010-10-01,CH-AG,2021-03-31.xlsx,meth
376,0.0,2010-11-01,CH-AG,2021-03-31.xlsx,meth
377,0.0,2010-12-01,CH-AG,2021-03-31.xlsx,meth
378,0.0,2011-01-01,CH-AG,2021-03-31.xlsx,meth
379,0.0,2011-02-01,CH-AG,2021-03-31.xlsx,meth
380,25.0,2011-03-01,CH-AG,2021-03-31.xlsx,meth
381,0.0,2011-04-01,CH-AG,2021-03-31.xlsx,meth
382,30.0,2011-05-01,CH-AG,2021-03-31.xlsx,meth
383,0.0,2011-06-01,CH-AG,2021-03-31.xlsx,meth
384,43.0,2011-07-01,CH-AG,2021-03-31.xlsx,meth
385,0.0,2011-08-01,CH-AG,2021-03-31.xlsx,meth
386,26.0,2011-09-01,CH-AG,2021-03-31.xlsx,meth
387,0.0,2011-10-01,CH-AG,2021-03-31.xlsx,meth
388,0.0,2011-11-01,CH-AG,2021-03-31.xlsx,meth
389,0.0,2011-12-01,CH-AG,2021-03-31.xlsx,meth
390,0.0,2012-01-01,CH-AG,2021-03-31.xlsx,meth
391,0.0,2012-02-01,CH-AG,2021-03-31.xlsx,meth
392,33.0,2012-03-01,CH-AG,2021-03-31.xlsx,meth
393,32.0,2012-04-01,CH-AG,2021-03-31.xlsx,meth
394,0.0,2012-05-01,CH-AG,2021-03-31.xlsx,meth
395,0.0,2012-06-01,CH-AG,2021-03-31.xlsx,meth
396,0.0,2012-07-01,CH-AG,2021-03-31.xlsx,meth
397,32.0,2012-08-01,CH-AG,2021-03-31.xlsx,meth
398,0.0,2012-09-01,CH-AG,2021-03-31.xlsx,meth
399,0.0,2012-10-01,CH-AG,2021-03-31.xlsx,meth
400,0.0,2012-11-01,CH-AG,2021-03-31.xlsx,meth
401,0.0,2012-12-01,CH-AG,2021-03-31.xlsx,meth
402,0.0,2013-01-01,CH-AG,2021-03-31.xlsx,meth
403,0.0,2013-02-01,CH-AG,2021-03-31.xlsx,meth
404,0.0,2013-03-01,CH-AG,2021-03-31.xlsx,meth
405,24.0,2013-04-01,CH-AG,2021-03-31.xlsx,meth
406,0.0,2013-05-01,CH-AG,2021-03-31.xlsx,meth
407,26.0,2013-06-01,CH-AG,2021-03-31.xlsx,meth
408,0.0,2013-07-01,CH-AG,2021-03-31.xlsx,meth
409,0.0,2013-08-01,CH-AG,2021-03-31.xlsx,meth
410,0.0,2013-09-01,CH-AG,2021-03-31.xlsx,meth
411,100.0,2013-10-01,CH-AG,2021-03-31.xlsx,meth
412,24.0,2013-11-01,CH-AG,2021-03-31.xlsx,meth
413,49.0,2013-12-01,CH-AG,2021-03-31.xlsx,meth
414,45.0,2014-01-01,CH-AG,2021-03-31.xlsx,meth
415,0.0,2014-02-01,CH-AG,2021-03-31.xlsx,meth
416,45.0,2014-03-01,CH-AG,2021-03-31.xlsx,meth
417,23.0,2014-04-01,CH-AG,2021-03-31.xlsx,meth
418,70.0,2014-05-01,CH-AG,2021-03-31.xlsx,meth
419,28.0,2014-06-01,CH-AG,2021-03-31.xlsx,meth
420,0.0,2014-07-01,CH-AG,2021-03-31.xlsx,meth
421,0.0,2014-08-01,CH-AG,2021-03-31.xlsx,meth
422,55.0,2014-09-01,CH-AG,2021-03-31.xlsx,meth
423,26.0,2014-10-01,CH-AG,2021-03-31.xlsx,meth
424,52.0,2014-11-01,CH-AG,2021-03-31.xlsx,meth
425,28.0,2014-12-01,CH-AG,2021-03-31.xlsx,meth
426,24.0,2015-01-01,CH-AG,2021-03-31.xlsx,meth
427,0.0,2015-02-01,CH-AG,2021-03-31.xlsx,meth
428,0.0,2015-03-01,CH-AG,2021-03-31.xlsx,meth
429,0.0,2015-04-01,CH-AG,2021-03-31.xlsx,meth
430,0.0,2015-05-01,CH-AG,2021-03-31.xlsx,meth
431,28.0,2015-06-01,CH-AG,2021-03-31.xlsx,meth
432,31.0,2015-07-01,CH-AG,2021-03-31.xlsx,meth
433,0.0,2015-08-01,CH-AG,2021-03-31.xlsx,meth
434,0.0,2015-09-01,CH-AG,2021-03-31.xlsx,meth
435,57.0,2015-10-01,CH-AG,2021-03-31.xlsx,meth
436,28.0,2015-11-01,CH-AG,2021-03-31.xlsx,meth
437,0.0,2015-12-01,CH-AG,2021-03-31.xlsx,meth
438,0.0,2016-01-01,CH-AG,2021-03-31.xlsx,meth
439,24.0,2016-02-01,CH-AG,2021-03-31.xlsx,meth
440,0.0,2004-01-01,CH-AG,2021-03-30.xlsx,meth
441,0.0,2004-02-01,CH-AG,2021-03-30.xlsx,meth
442,0.0,2004-03-01,CH-AG,2021-03-30.xlsx,meth
443,0.0,2004-04-01,CH-AG,2021-03-30.xlsx,meth
444,0.0,2004-05-01,CH-AG,2021-03-30.xlsx,meth
445,0.0,2004-06-01,CH-AG,2021-03-30.xlsx,meth
446,0.0,2004-07-01,CH-AG,2021-03-30.xlsx,meth
447,0.0,2004-08-01,CH-AG,2021-03-30.xlsx,meth
448,0.0,2004-09-01,CH-AG,2021-03-30.xlsx,meth
449,0.0,2004-10-01,CH-AG,2021-03-30.xlsx,meth
450,0.0,2004-11-01,CH-AG,2021-03-30.xlsx,meth
451,0.0,2004-12-01,CH-AG,2021-03-30.xlsx,meth
452,0.0,2005-01-01,CH-AG,2021-03-30.xlsx,meth
453,0.0,2005-02-01,CH-AG,2021-03-30.xlsx,meth
454,0.0,2005-03-01,CH-AG,2021-03-30.xlsx,meth
455,0.0,2005-04-01,CH-AG,2021-03-30.xlsx,meth
456,0.0,2005-05-01,CH-AG,2021-03-30.xlsx,meth
457,0.0,2005-06-01,CH-AG,2021-03-30.xlsx,meth
458,0.0,2005-07-01,CH-AG,2021-03-30.xlsx,meth
459,0.0,2005-08-01,CH-AG,2021-03-30.xlsx,meth
460,0.0,2005-09-01,CH-AG,2021-03-30.xlsx,meth
461,0.0,2005-10-01,CH-AG,2021-03-30.xlsx,meth
462,0.0,2005-11-01,CH-AG,2021-03-30.xlsx,meth
463,0.0,2005-12-01,CH-AG,2021-03-30.xlsx,meth
464,0.0,2006-01-01,CH-AG,2021-03-30.xlsx,meth
465,0.0,2006-02-01,CH-AG,2021-03-30.xlsx,meth
466,0.0,2006-03-01,CH-AG,2021-03-30.xlsx,meth
467,0.0,2006-04-01,CH-AG,2021-03-30.xlsx,meth
468,0.0,2006-05-01,CH-AG,2021-03-30.xlsx,meth
469,0.0,2006-06-01,CH-AG,2021-03-30.xlsx,meth
470,0.0,2006-07-01,CH-AG,2021-03-30.xlsx,meth
471,0.0,2006-08-01,CH-AG,2021-03-30.xlsx,meth
472,0.0,2006-09-01,CH-AG,2021-03-30.xlsx,meth
473,0.0,2006-10-01,CH-AG,2021-03-30.xlsx,meth
474,0.0,2006-11-01,CH-AG,2021-03-30.xlsx,meth
475,0.0,2006-12-01,CH-AG,2021-03-30.xlsx,meth
476,0.0,2007-01-01,CH-AG,2021-03-30.xlsx,meth
477,0.0,2007-02-01,CH-AG,2021-03-30.xlsx,meth
478,0.0,2007-03-01,CH-AG,2021-03-30.xlsx,meth
479,0.0,2007-04-01,CH-AG,2021-03-30.xlsx,meth
480,0.0,2007-05-01,CH-AG,2021-03-30.xlsx,meth
481,0.0,2007-06-01,CH-AG,2021-03-30.xlsx,meth
482,0.0,2007-07-01,CH-AG,2021-03-30.xlsx,meth
483,0.0,2007-08-01,CH-AG,2021-03-30.xlsx,meth
484,0.0,2007-09-01,CH-AG,2021-03-30.xlsx,meth
485,0.0,2007-10-01,CH-AG,2021-03-30.xlsx,meth
486,0.0,2007-11-01,CH-AG,2021-03-30.xlsx,meth
487,0.0,2007-12-01,CH-AG,2021-03-30.xlsx,meth
488,0.0,2008-01-01,CH-AG,2021-03-30.xlsx,meth
489,0.0,2008-02-01,CH-AG,2021-03-30.xlsx,meth
490,0.0,2008-03-01,CH-AG,2021-03-30.xlsx,meth
491,0.0,2008-04-01,CH-AG,2021-03-30.xlsx,meth
492,0.0,2008-05-01,CH-AG,2021-03-30.xlsx,meth
493,0.0,2008-06-01,CH-AG,2021-03-30.xlsx,meth
494,0.0,2008-07-01,CH-AG,2021-03-30.xlsx,meth
495,0.0,2008-08-01,CH-AG,2021-03-30.xlsx,meth
496,0.0,2008-09-01,CH-AG,2021-03-30.xlsx,meth
497,0.0,2008-10-01,CH-AG,2021-03-30.xlsx,meth
498,0.0,2008-11-01,CH-AG,2021-03-30.xlsx,meth
499,0.0,2008-12-01,CH-AG,2021-03-30.xlsx,meth
500,0.0,2009-01-01,CH-AG,2021-03-30.xlsx,meth
501,0.0,2009-02-01,CH-AG,2021-03-30.xlsx,meth
502,0.0,2009-03-01,CH-AG,2021-03-30.xlsx,meth
503,0.0,2009-04-01,CH-AG,2021-03-30.xlsx,meth
504,0.0,2009-05-01,CH-AG,2021-03-30.xlsx,meth
505,0.0,2009-06-01,CH-AG,2021-03-30.xlsx,meth
506,0.0,2009-07-01,CH-AG,2021-03-30.xlsx,meth
507,0.0,2009-08-01,CH-AG,2021-03-30.xlsx,meth
508,0.0,2009-09-01,CH-AG,2021-03-30.xlsx,meth
509,0.0,2009-10-01,CH-AG,2021-03-30.xlsx,meth
510,0.0,2009-11-01,CH-AG,2021-03-30.xlsx,meth
511,0.0,2009-12-01,CH-AG,2021-03-30.xlsx,meth
512,0.0,2010-01-01,CH-AG,2021-03-30.xlsx,meth
513,0.0,2010-02-01,CH-AG,2021-03-30.xlsx,meth
514,0.0,2010-03-01,CH-AG,2021-03-30.xlsx,meth
515,0.0,2010-04-01,CH-AG,2021-03-30.xlsx,meth
516,0.0,2010-05-01,CH-AG,2021-03-30.xlsx,meth
517,0.0,2010-06-01,CH-AG,2021-03-30.xlsx,meth
518,0.0,2010-07-01,CH-AG,2021-03-30.xlsx,meth
519,0.0,2010-08-01,CH-AG,2021-03-30.xlsx,meth
520,0.0,2010-09-01,CH-AG,2021-03-30.xlsx,meth
521,0.0,2010-10-01,CH-AG,2021-03-30.xlsx,meth
522,0.0,2010-11-01,CH-AG,2021-03-30.xlsx,meth
523,0.0,2010-12-01,CH-AG,2021-03-30.xlsx,meth
524,0.0,2011-01-01,CH-AG,2021-03-30.xlsx,meth
525,0.0,2011-02-01,CH-AG,2021-03-30.xlsx,meth
526,0.0,2011-03-01,CH-AG,2021-03-30.xlsx,meth
527,33.0,2011-04-01,CH-AG,2021-03-30.xlsx,meth
528,0.0,2011-05-01,CH-AG,2021-03-30.xlsx,meth
529,0.0,2011-06-01,CH-AG,2021-03-30.xlsx,meth
530,100.0,2011-07-01,CH-AG,2021-03-30.xlsx,meth
531,0.0,2011-08-01,CH-AG,2021-03-30.xlsx,meth
532,0.0,2011-09-01,CH-AG,2021-03-30.xlsx,meth
533,0.0,2011-10-01,CH-AG,2021-03-30.xlsx,meth
534,0.0,2011-11-01,CH-AG,2021-03-30.xlsx,meth
535,42.0,2011-12-01,CH-AG,2021-03-30.xlsx,meth
536,0.0,2012-01-01,CH-AG,2021-03-30.xlsx,meth
537,0.0,2012-02-01,CH-AG,2021-03-30.xlsx,meth
538,77.0,2012-03-01,CH-AG,2021-03-30.xlsx,meth
539,0.0,2012-04-01,CH-AG,2021-03-30.xlsx,meth
540,0.0,2012-05-01,CH-AG,2021-03-30.xlsx,meth
541,0.0,2012-06-01,CH-AG,2021-03-30.xlsx,meth
542,40.0,2012-07-01,CH-AG,2021-03-30.xlsx,meth
543,0.0,2012-08-01,CH-AG,2021-03-30.xlsx,meth
544,36.0,2012-09-01,CH-AG,2021-03-30.xlsx,meth
545,34.0,2012-10-01,CH-AG,2021-03-30.xlsx,meth
546,0.0,2012-11-01,CH-AG,2021-03-30.xlsx,meth
547,0.0,2012-12-01,CH-AG,2021-03-30.xlsx,meth
548,34.0,2013-01-01,CH-AG,2021-03-30.xlsx,meth
549,0.0,2013-02-01,CH-AG,2021-03-30.xlsx,meth
550,0.0,2013-03-01,CH-AG,2021-03-30.xlsx,meth
551,29.0,2013-04-01,CH-AG,2021-03-30.xlsx,meth
552,0.0,2013-05-01,CH-AG,2021-03-30.xlsx,meth
553,0.0,2013-06-01,CH-AG,2021-03-30.xlsx,meth
554,36.0,2013-07-01,CH-AG,2021-03-30.xlsx,meth
555,0.0,2013-08-01,CH-AG,2021-03-30.xlsx,meth
556,87.0,2013-09-01,CH-AG,2021-03-30.xlsx,meth
557,0.0,2013-10-01,CH-AG,2021-03-30.xlsx,meth
558,0.0,2013-11-01,CH-AG,2021-03-30.xlsx,meth
559,87.0,2013-12-01,CH-AG,2021-03-30.xlsx,meth
560,0.0,2014-01-01,CH-AG,2021-03-30.xlsx,meth
561,0.0,2014-02-01,CH-AG,2021-03-30.xlsx,meth
562,53.0,2014-03-01,CH-AG,2021-03-30.xlsx,meth
563,27.0,2014-04-01,CH-AG,2021-03-30.xlsx,meth
564,82.0,2014-05-01,CH-AG,2021-03-30.xlsx,meth
565,33.0,2014-06-01,CH-AG,2021-03-30.xlsx,meth
566,0.0,2014-07-01,CH-AG,2021-03-30.xlsx,meth
567,0.0,2014-08-01,CH-AG,2021-03-30.xlsx,meth
568,32.0,2014-09-01,CH-AG,2021-03-30.xlsx,meth
569,0.0,2014-10-01,CH-AG,2021-03-30.xlsx,meth
570,0.0,2014-11-01,CH-AG,2021-03-30.xlsx,meth
571,32.0,2014-12-01,CH-AG,2021-03-30.xlsx,meth
572,57.0,2015-01-01,CH-AG,2021-03-30.xlsx,meth
573,0.0,2015-02-01,CH-AG,2021-03-30.xlsx,meth
574,0.0,2015-03-01,CH-AG,2021-03-30.xlsx,meth
575,0.0,2015-04-01,CH-AG,2021-03-30.xlsx,meth
576,0.0,2015-05-01,CH-AG,2021-03-30.xlsx,meth
577,0.0,2015-06-01,CH-AG,2021-03-30.xlsx,meth
578,37.0,2015-07-01,CH-AG,2021-03-30.xlsx,meth
579,0.0,2015-08-01,CH-AG,2021-03-30.xlsx,meth
580,68.0,2015-09-01,CH-AG,2021-03-30.xlsx,meth
581,0.0,2015-10-01,CH-AG,2021-03-30.xlsx,meth
582,0.0,2015-11-01,CH-AG,2021-03-30.xlsx,meth
583,0.0,2015-12-01,CH-AG,2021-03-30.xlsx,meth
584,26.0,2016-01-01,CH-AG,2021-03-30.xlsx,meth
585,27.0,2016-02-01,CH-AG,2021-03-30.xlsx,meth
586,0.0,2004-01-01,CH-AG,2021-03-26.xlsx,meth
587,0.0,2004-02-01,CH-AG,2021-03-26.xlsx,meth
588,0.0,2004-03-01,CH-AG,2021-03-26.xlsx,meth
589,0.0,2004-04-01,CH-AG,2021-03-26.xlsx,meth
590,0.0,2004-05-01,CH-AG,2021-03-26.xlsx,meth
591,0.0,2004-06-01,CH-AG,2021-03-26.xlsx,meth
592,0.0,2004-07-01,CH-AG,2021-03-26.xlsx,meth
593,0.0,2004-08-01,CH-AG,2021-03-26.xlsx,meth
594,0.0,2004-09-01,CH-AG,2021-03-26.xlsx,meth
595,0.0,2004-10-01,CH-AG,2021-03-26.xlsx,meth
596,0.0,2004-11-01,CH-AG,2021-03-26.xlsx,meth
597,0.0,2004-12-01,CH-AG,2021-03-26.xlsx,meth
598,0.0,2005-01-01,CH-AG,2021-03-26.xlsx,meth
599,0.0,2005-02-01,CH-AG,2021-03-26.xlsx,meth
600,0.0,2005-03-01,CH-AG,2021-03-26.xlsx,meth
601,0.0,2005-04-01,CH-AG,2021-03-26.xlsx,meth
602,0.0,2005-05-01,CH-AG,2021-03-26.xlsx,meth
603,0.0,2005-06-01,CH-AG,2021-03-26.xlsx,meth
604,0.0,2005-07-01,CH-AG,2021-03-26.xlsx,meth
605,0.0,2005-08-01,CH-AG,2021-03-26.xlsx,meth
606,0.0,2005-09-01,CH-AG,2021-03-26.xlsx,meth
607,0.0,2005-10-01,CH-AG,2021-03-26.xlsx,meth
608,0.0,2005-11-01,CH-AG,2021-03-26.xlsx,meth
609,0.0,2005-12-01,CH-AG,2021-03-26.xlsx,meth
610,0.0,2006-01-01,CH-AG,2021-03-26.xlsx,meth
611,0.0,2006-02-01,CH-AG,2021-03-26.xlsx,meth
612,0.0,2006-03-01,CH-AG,2021-03-26.xlsx,meth
613,0.0,2006-04-01,CH-AG,2021-03-26.xlsx,meth
614,0.0,2006-05-01,CH-AG,2021-03-26.xlsx,meth
615,0.0,2006-06-01,CH-AG,2021-03-26.xlsx,meth
616,0.0,2006-07-01,CH-AG,2021-03-26.xlsx,meth
617,0.0,2006-08-01,CH-AG,2021-03-26.xlsx,meth
618,0.0,2006-09-01,CH-AG,2021-03-26.xlsx,meth
619,0.0,2006-10-01,CH-AG,2021-03-26.xlsx,meth
620,0.0,2006-11-01,CH-AG,2021-03-26.xlsx,meth
621,0.0,2006-12-01,CH-AG,2021-03-26.xlsx,meth
622,0.0,2007-01-01,CH-AG,2021-03-26.xlsx,meth
623,0.0,2007-02-01,CH-AG,2021-03-26.xlsx,meth
624,0.0,2007-03-01,CH-AG,2021-03-26.xlsx,meth
625,0.0,2007-04-01,CH-AG,2021-03-26.xlsx,meth
626,0.0,2007-05-01,CH-AG,2021-03-26.xlsx,meth
627,0.0,2007-06-01,CH-AG,2021-03-26.xlsx,meth
628,0.0,2007-07-01,CH-AG,2021-03-26.xlsx,meth
629,0.0,2007-08-01,CH-AG,2021-03-26.xlsx,meth
630,0.0,2007-09-01,CH-AG,2021-03-26.xlsx,meth
631,0.0,2007-10-01,CH-AG,2021-03-26.xlsx,meth
632,0.0,2007-11-01,CH-AG,2021-03-26.xlsx,meth
633,0.0,2007-12-01,CH-AG,2021-03-26.xlsx,meth
634,0.0,2008-01-01,CH-AG,2021-03-26.xlsx,meth
635,100.0,2008-02-01,CH-AG,2021-03-26.xlsx,meth
636,0.0,2008-03-01,CH-AG,2021-03-26.xlsx,meth
637,0.0,2008-04-01,CH-AG,2021-03-26.xlsx,meth
638,0.0,2008-05-01,CH-AG,2021-03-26.xlsx,meth
639,0.0,2008-06-01,CH-AG,2021-03-26.xlsx,meth
640,0.0,2008-07-01,CH-AG,2021-03-26.xlsx,meth
641,0.0,2008-08-01,CH-AG,2021-03-26.xlsx,meth
642,0.0,2008-09-01,CH-AG,2021-03-26.xlsx,meth
643,0.0,2008-10-01,CH-AG,2021-03-26.xlsx,meth
644,0.0,2008-11-01,CH-AG,2021-03-26.xlsx,meth
645,0.0,2008-12-01,CH-AG,2021-03-26.xlsx,meth
646,0.0,2009-01-01,CH-AG,2021-03-26.xlsx,meth
647,0.0,2009-02-01,CH-AG,2021-03-26.xlsx,meth
648,0.0,2009-03-01,CH-AG,2021-03-26.xlsx,meth
649,0.0,2009-04-01,CH-AG,2021-03-26.xlsx,meth
650,0.0,2009-05-01,CH-AG,2021-03-26.xlsx,meth
651,0.0,2009-06-01,CH-AG,2021-03-26.xlsx,meth
652,0.0,2009-07-01,CH-AG,2021-03-26.xlsx,meth
653,0.0,2009-08-01,CH-AG,2021-03-26.xlsx,meth
654,0.0,2009-09-01,CH-AG,2021-03-26.xlsx,meth
655,0.0,2009-10-01,CH-AG,2021-03-26.xlsx,meth
656,0.0,2009-11-01,CH-AG,2021-03-26.xlsx,meth
657,0.0,2009-12-01,CH-AG,2021-03-26.xlsx,meth
658,0.0,2010-01-01,CH-AG,2021-03-26.xlsx,meth
659,73.0,2010-02-01,CH-AG,2021-03-26.xlsx,meth
660,0.0,2010-03-01,CH-AG,2021-03-26.xlsx,meth
661,0.0,2010-04-01,CH-AG,2021-03-26.xlsx,meth
662,0.0,2010-05-01,CH-AG,2021-03-26.xlsx,meth
663,0.0,2010-06-01,CH-AG,2021-03-26.xlsx,meth
664,0.0,2010-07-01,CH-AG,2021-03-26.xlsx,meth
665,0.0,2010-08-01,CH-AG,2021-03-26.xlsx,meth
666,0.0,2010-09-01,CH-AG,2021-03-26.xlsx,meth
667,67.0,2010-10-01,CH-AG,2021-03-26.xlsx,meth
668,0.0,2010-11-01,CH-AG,2021-03-26.xlsx,meth
669,0.0,2010-12-01,CH-AG,2021-03-26.xlsx,meth
670,9.0,2011-01-01,CH-AG,2021-03-26.xlsx,meth
671,0.0,2011-02-01,CH-AG,2021-03-26.xlsx,meth
672,0.0,2011-03-01,CH-AG,2021-03-26.xlsx,meth
673,9.0,2011-04-01,CH-AG,2021-03-26.xlsx,meth
674,10.0,2011-05-01,CH-AG,2021-03-26.xlsx,meth
675,0.0,2011-06-01,CH-AG,2021-03-26.xlsx,meth
676,14.0,2011-07-01,CH-AG,2021-03-26.xlsx,meth
677,0.0,2011-08-01,CH-AG,2021-03-26.xlsx,meth
678,8.0,2011-09-01,CH-AG,2021-03-26.xlsx,meth
679,0.0,2011-10-01,CH-AG,2021-03-26.xlsx,meth
680,0.0,2011-11-01,CH-AG,2021-03-26.xlsx,meth
681,0.0,2011-12-01,CH-AG,2021-03-26.xlsx,meth
682,10.0,2012-01-01,CH-AG,2021-03-26.xlsx,meth
683,0.0,2012-02-01,CH-AG,2021-03-26.xlsx,meth
684,0.0,2012-03-01,CH-AG,2021-03-26.xlsx,meth
685,0.0,2012-04-01,CH-AG,2021-03-26.xlsx,meth
686,0.0,2012-05-01,CH-AG,2021-03-26.xlsx,meth
687,0.0,2012-06-01,CH-AG,2021-03-26.xlsx,meth
688,11.0,2012-07-01,CH-AG,2021-03-26.xlsx,meth
689,0.0,2012-08-01,CH-AG,2021-03-26.xlsx,meth
690,0.0,2012-09-01,CH-AG,2021-03-26.xlsx,meth
691,9.0,2012-10-01,CH-AG,2021-03-26.xlsx,meth
692,0.0,2012-11-01,CH-AG,2021-03-26.xlsx,meth
693,20.0,2012-12-01,CH-AG,2021-03-26.xlsx,meth
694,9.0,2013-01-01,CH-AG,2021-03-26.xlsx,meth
695,10.0,2013-02-01,CH-AG,2021-03-26.xlsx,meth
696,0.0,2013-03-01,CH-AG,2021-03-26.xlsx,meth
697,16.0,2013-04-01,CH-AG,2021-03-26.xlsx,meth
698,8.0,2013-05-01,CH-AG,2021-03-26.xlsx,meth
699,8.0,2013-06-01,CH-AG,2021-03-26.xlsx,meth
700,0.0,2013-07-01,CH-AG,2021-03-26.xlsx,meth
701,0.0,2013-08-01,CH-AG,2021-03-26.xlsx,meth
702,16.0,2013-09-01,CH-AG,2021-03-26.xlsx,meth
703,16.0,2013-10-01,CH-AG,2021-03-26.xlsx,meth
704,8.0,2013-11-01,CH-AG,2021-03-26.xlsx,meth
705,16.0,2013-12-01,CH-AG,2021-03-26.xlsx,meth
706,7.0,2014-01-01,CH-AG,2021-03-26.xlsx,meth
707,0.0,2014-02-01,CH-AG,2021-03-26.xlsx,meth
708,21.0,2014-03-01,CH-AG,2021-03-26.xlsx,meth
709,0.0,2014-04-01,CH-AG,2021-03-26.xlsx,meth
710,23.0,2014-05-01,CH-AG,2021-03-26.xlsx,meth
711,0.0,2014-06-01,CH-AG,2021-03-26.xlsx,meth
712,9.0,2014-07-01,CH-AG,2021-03-26.xlsx,meth
713,0.0,2014-08-01,CH-AG,2021-03-26.xlsx,meth
714,0.0,2014-09-01,CH-AG,2021-03-26.xlsx,meth
715,8.0,2014-10-01,CH-AG,2021-03-26.xlsx,meth
716,8.0,2014-11-01,CH-AG,2021-03-26.xlsx,meth
717,9.0,2014-12-01,CH-AG,2021-03-26.xlsx,meth
718,15.0,2015-01-01,CH-AG,2021-03-26.xlsx,meth
719,9.0,2015-02-01,CH-AG,2021-03-26.xlsx,meth
720,0.0,2015-03-01,CH-AG,2021-03-26.xlsx,meth
721,8.0,2015-04-01,CH-AG,2021-03-26.xlsx,meth
722,8.0,2015-05-01,CH-AG,2021-03-26.xlsx,meth
723,9.0,2015-06-01,CH-AG,2021-03-26.xlsx,meth
724,0.0,2015-07-01,CH-AG,2021-03-26.xlsx,meth
725,0.0,2015-08-01,CH-AG,2021-03-26.xlsx,meth
726,18.0,2015-09-01,CH-AG,2021-03-26.xlsx,meth
727,9.0,2015-10-01,CH-AG,2021-03-26.xlsx,meth
728,18.0,2015-11-01,CH-AG,2021-03-26.xlsx,meth
729,0.0,2015-12-01,CH-AG,2021-03-26.xlsx,meth
730,7.0,2016-01-01,CH-AG,2021-03-26.xlsx,meth
731,7.0,2016-02-01,CH-AG,2021-03-26.xlsx,meth
732,0.0,2004-01-01,CH-AG,2021-03-29.xlsx,meth
733,0.0,2004-02-01,CH-AG,2021-03-29.xlsx,meth
734,0.0,2004-03-01,CH-AG,2021-03-29.xlsx,meth
735,0.0,2004-04-01,CH-AG,2021-03-29.xlsx,meth
736,0.0,2004-05-01,CH-AG,2021-03-29.xlsx,meth
737,0.0,2004-06-01,CH-AG,2021-03-29.xlsx,meth
738,0.0,2004-07-01,CH-AG,2021-03-29.xlsx,meth
739,0.0,2004-08-01,CH-AG,2021-03-29.xlsx,meth
740,0.0,2004-09-01,CH-AG,2021-03-29.xlsx,meth
741,0.0,2004-10-01,CH-AG,2021-03-29.xlsx,meth
742,0.0,2004-11-01,CH-AG,2021-03-29.xlsx,meth
743,0.0,2004-12-01,CH-AG,2021-03-29.xlsx,meth
744,0.0,2005-01-01,CH-AG,2021-03-29.xlsx,meth
745,0.0,2005-02-01,CH-AG,2021-03-29.xlsx,meth
746,0.0,2005-03-01,CH-AG,2021-03-29.xlsx,meth
747,0.0,2005-04-01,CH-AG,2021-03-29.xlsx,meth
748,0.0,2005-05-01,CH-AG,2021-03-29.xlsx,meth
749,0.0,2005-06-01,CH-AG,2021-03-29.xlsx,meth
750,0.0,2005-07-01,CH-AG,2021-03-29.xlsx,meth
751,0.0,2005-08-01,CH-AG,2021-03-29.xlsx,meth
752,0.0,2005-09-01,CH-AG,2021-03-29.xlsx,meth
753,0.0,2005-10-01,CH-AG,2021-03-29.xlsx,meth
754,0.0,2005-11-01,CH-AG,2021-03-29.xlsx,meth
755,0.0,2005-12-01,CH-AG,2021-03-29.xlsx,meth
756,0.0,2006-01-01,CH-AG,2021-03-29.xlsx,meth
757,0.0,2006-02-01,CH-AG,2021-03-29.xlsx,meth
758,0.0,2006-03-01,CH-AG,2021-03-29.xlsx,meth
759,0.0,2006-04-01,CH-AG,2021-03-29.xlsx,meth
760,0.0,2006-05-01,CH-AG,2021-03-29.xlsx,meth
761,0.0,2006-06-01,CH-AG,2021-03-29.xlsx,meth
762,0.0,2006-07-01,CH-AG,2021-03-29.xlsx,meth
763,0.0,2006-08-01,CH-AG,2021-03-29.xlsx,meth
764,0.0,2006-09-01,CH-AG,2021-03-29.xlsx,meth
765,0.0,2006-10-01,CH-AG,2021-03-29.xlsx,meth
766,0.0,2006-11-01,CH-AG,2021-03-29.xlsx,meth
767,0.0,2006-12-01,CH-AG,2021-03-29.xlsx,meth
768,0.0,2007-01-01,CH-AG,2021-03-29.xlsx,meth
769,0.0,2007-02-01,CH-AG,2021-03-29.xlsx,meth
770,0.0,2007-03-01,CH-AG,2021-03-29.xlsx,meth
771,0.0,2007-04-01,CH-AG,2021-03-29.xlsx,meth
772,0.0,2007-05-01,CH-AG,2021-03-29.xlsx,meth
773,0.0,2007-06-01,CH-AG,2021-03-29.xlsx,meth
774,0.0,2007-07-01,CH-AG,2021-03-29.xlsx,meth
775,0.0,2007-08-01,CH-AG,2021-03-29.xlsx,meth
776,0.0,2007-09-01,CH-AG,2021-03-29.xlsx,meth
777,0.0,2007-10-01,CH-AG,2021-03-29.xlsx,meth
778,0.0,2007-11-01,CH-AG,2021-03-29.xlsx,meth
779,0.0,2007-12-01,CH-AG,2021-03-29.xlsx,meth
780,0.0,2008-01-01,CH-AG,2021-03-29.xlsx,meth
781,0.0,2008-02-01,CH-AG,2021-03-29.xlsx,meth
782,0.0,2008-03-01,CH-AG,2021-03-29.xlsx,meth
783,0.0,2008-04-01,CH-AG,2021-03-29.xlsx,meth
784,0.0,2008-05-01,CH-AG,2021-03-29.xlsx,meth
785,0.0,2008-06-01,CH-AG,2021-03-29.xlsx,meth
786,0.0,2008-07-01,CH-AG,2021-03-29.xlsx,meth
787,0.0,2008-08-01,CH-AG,2021-03-29.xlsx,meth
788,0.0,2008-09-01,CH-AG,2021-03-29.xlsx,meth
789,0.0,2008-10-01,CH-AG,2021-03-29.xlsx,meth
790,0.0,2008-11-01,CH-AG,2021-03-29.xlsx,meth
791,0.0,2008-12-01,CH-AG,2021-03-29.xlsx,meth
792,0.0,2009-01-01,CH-AG,2021-03-29.xlsx,meth
793,0.0,2009-02-01,CH-AG,2021-03-29.xlsx,meth
794,0.0,2009-03-01,CH-AG,2021-03-29.xlsx,meth
795,0.0,2009-04-01,CH-AG,2021-03-29.xlsx,meth
796,0.0,2009-05-01,CH-AG,2021-03-29.xlsx,meth
797,0.0,2009-06-01,CH-AG,2021-03-29.xlsx,meth
798,0.0,2009-07-01,CH-AG,2021-03-29.xlsx,meth
799,0.0,2009-08-01,CH-AG,2021-03-29.xlsx,meth
800,0.0,2009-09-01,CH-AG,2021-03-29.xlsx,meth
801,0.0,2009-10-01,CH-AG,2021-03-29.xlsx,meth
802,0.0,2009-11-01,CH-AG,2021-03-29.xlsx,meth
803,0.0,2009-12-01,CH-AG,2021-03-29.xlsx,meth
804,0.0,2010-01-01,CH-AG,2021-03-29.xlsx,meth
805,0.0,2010-02-01,CH-AG,2021-03-29.xlsx,meth
806,0.0,2010-03-01,CH-AG,2021-03-29.xlsx,meth
807,0.0,2010-04-01,CH-AG,2021-03-29.xlsx,meth
808,0.0,2010-05-01,CH-AG,2021-03-29.xlsx,meth
809,0.0,2010-06-01,CH-AG,2021-03-29.xlsx,meth
810,0.0,2010-07-01,CH-AG,2021-03-29.xlsx,meth
811,0.0,2010-08-01,CH-AG,2021-03-29.xlsx,meth
812,0.0,2010-09-01,CH-AG,2021-03-29.xlsx,meth
813,0.0,2010-10-01,CH-AG,2021-03-29.xlsx,meth
814,0.0,2010-11-01,CH-AG,2021-03-29.xlsx,meth
815,0.0,2010-12-01,CH-AG,2021-03-29.xlsx,meth
816,33.0,2011-01-01,CH-AG,2021-03-29.xlsx,meth
817,0.0,2011-02-01,CH-AG,2021-03-29.xlsx,meth
818,0.0,2011-03-01,CH-AG,2021-03-29.xlsx,meth
819,33.0,2011-04-01,CH-AG,2021-03-29.xlsx,meth
820,0.0,2011-05-01,CH-AG,2021-03-29.xlsx,meth
821,0.0,2011-06-01,CH-AG,2021-03-29.xlsx,meth
822,100.0,2011-07-01,CH-AG,2021-03-29.xlsx,meth
823,0.0,2011-08-01,CH-AG,2021-03-29.xlsx,meth
824,0.0,2011-09-01,CH-AG,2021-03-29.xlsx,meth
825,0.0,2011-10-01,CH-AG,2021-03-29.xlsx,meth
826,0.0,2011-11-01,CH-AG,2021-03-29.xlsx,meth
827,43.0,2011-12-01,CH-AG,2021-03-29.xlsx,meth
828,0.0,2012-01-01,CH-AG,2021-03-29.xlsx,meth
829,0.0,2012-02-01,CH-AG,2021-03-29.xlsx,meth
830,39.0,2012-03-01,CH-AG,2021-03-29.xlsx,meth
831,38.0,2012-04-01,CH-AG,2021-03-29.xlsx,meth
832,0.0,2012-05-01,CH-AG,2021-03-29.xlsx,meth
833,0.0,2012-06-01,CH-AG,2021-03-29.xlsx,meth
834,80.0,2012-07-01,CH-AG,2021-03-29.xlsx,meth
835,0.0,2012-08-01,CH-AG,2021-03-29.xlsx,meth
836,0.0,2012-09-01,CH-AG,2021-03-29.xlsx,meth
837,34.0,2012-10-01,CH-AG,2021-03-29.xlsx,meth
838,0.0,2012-11-01,CH-AG,2021-03-29.xlsx,meth
839,0.0,2012-12-01,CH-AG,2021-03-29.xlsx,meth
840,34.0,2013-01-01,CH-AG,2021-03-29.xlsx,meth
841,38.0,2013-02-01,CH-AG,2021-03-29.xlsx,meth
842,0.0,2013-03-01,CH-AG,2021-03-29.xlsx,meth
843,0.0,2013-04-01,CH-AG,2021-03-29.xlsx,meth
844,0.0,2013-05-01,CH-AG,2021-03-29.xlsx,meth
845,0.0,2013-06-01,CH-AG,2021-03-29.xlsx,meth
846,0.0,2013-07-01,CH-AG,2021-03-29.xlsx,meth
847,0.0,2013-08-01,CH-AG,2021-03-29.xlsx,meth
848,89.0,2013-09-01,CH-AG,2021-03-29.xlsx,meth
849,88.0,2013-10-01,CH-AG,2021-03-29.xlsx,meth
850,29.0,2013-11-01,CH-AG,2021-03-29.xlsx,meth
851,88.0,2013-12-01,CH-AG,2021-03-29.xlsx,meth
852,52.0,2014-01-01,CH-AG,2021-03-29.xlsx,meth
853,30.0,2014-02-01,CH-AG,2021-03-29.xlsx,meth
854,27.0,2014-03-01,CH-AG,2021-03-29.xlsx,meth
855,0.0,2014-04-01,CH-AG,2021-03-29.xlsx,meth
856,27.0,2014-05-01,CH-AG,2021-03-29.xlsx,meth
857,0.0,2014-06-01,CH-AG,2021-03-29.xlsx,meth
858,35.0,2014-07-01,CH-AG,2021-03-29.xlsx,meth
859,0.0,2014-08-01,CH-AG,2021-03-29.xlsx,meth
860,0.0,2014-09-01,CH-AG,2021-03-29.xlsx,meth
861,0.0,2014-10-01,CH-AG,2021-03-29.xlsx,meth
862,62.0,2014-11-01,CH-AG,2021-03-29.xlsx,meth
863,0.0,2014-12-01,CH-AG,2021-03-29.xlsx,meth
864,29.0,2015-01-01,CH-AG,2021-03-29.xlsx,meth
865,0.0,2015-02-01,CH-AG,2021-03-29.xlsx,meth
866,0.0,2015-03-01,CH-AG,2021-03-29.xlsx,meth
867,31.0,2015-04-01,CH-AG,2021-03-29.xlsx,meth
868,31.0,2015-05-01,CH-AG,2021-03-29.xlsx,meth
869,0.0,2015-06-01,CH-AG,2021-03-29.xlsx,meth
870,0.0,2015-07-01,CH-AG,2021-03-29.xlsx,meth
871,0.0,2015-08-01,CH-AG,2021-03-29.xlsx,meth
872,69.0,2015-09-01,CH-AG,2021-03-29.xlsx,meth
873,100.0,2015-10-01,CH-AG,2021-03-29.xlsx,meth
874,0.0,2015-11-01,CH-AG,2021-03-29.xlsx,meth
875,0.0,2015-12-01,CH-AG,2021-03-29.xlsx,meth
876,26.0,2016-01-01,CH-AG,2021-03-29.xlsx,meth
877,0.0,2016-02-01,CH-AG,2021-03-29.xlsx,meth
878,0.0,2004-01-01,CH-AG,2021-03-28.xlsx,meth
879,0.0,2004-02-01,CH-AG,2021-03-28.xlsx,meth
880,0.0,2004-03-01,CH-AG,2021-03-28.xlsx,meth
881,0.0,2004-04-01,CH-AG,2021-03-28.xlsx,meth
882,0.0,2004-05-01,CH-AG,2021-03-28.xlsx,meth
883,0.0,2004-06-01,CH-AG,2021-03-28.xlsx,meth
884,0.0,2004-07-01,CH-AG,2021-03-28.xlsx,meth
885,0.0,2004-08-01,CH-AG,2021-03-28.xlsx,meth
886,0.0,2004-09-01,CH-AG,2021-03-28.xlsx,meth
887,0.0,2004-10-01,CH-AG,2021-03-28.xlsx,meth
888,0.0,2004-11-01,CH-AG,2021-03-28.xlsx,meth
889,0.0,2004-12-01,CH-AG,2021-03-28.xlsx,meth
890,0.0,2005-01-01,CH-AG,2021-03-28.xlsx,meth
891,0.0,2005-02-01,CH-AG,2021-03-28.xlsx,meth
892,0.0,2005-03-01,CH-AG,2021-03-28.xlsx,meth
893,0.0,2005-04-01,CH-AG,2021-03-28.xlsx,meth
894,0.0,2005-05-01,CH-AG,2021-03-28.xlsx,meth
895,0.0,2005-06-01,CH-AG,2021-03-28.xlsx,meth
896,0.0,2005-07-01,CH-AG,2021-03-28.xlsx,meth
897,0.0,2005-08-01,CH-AG,2021-03-28.xlsx,meth
898,0.0,2005-09-01,CH-AG,2021-03-28.xlsx,meth
899,0.0,2005-10-01,CH-AG,2021-03-28.xlsx,meth
900,0.0,2005-11-01,CH-AG,2021-03-28.xlsx,meth
901,0.0,2005-12-01,CH-AG,2021-03-28.xlsx,meth
902,0.0,2006-01-01,CH-AG,2021-03-28.xlsx,meth
903,0.0,2006-02-01,CH-AG,2021-03-28.xlsx,meth
904,0.0,2006-03-01,CH-AG,2021-03-28.xlsx,meth
905,0.0,2006-04-01,CH-AG,2021-03-28.xlsx,meth
906,0.0,2006-05-01,CH-AG,2021-03-28.xlsx,meth
907,0.0,2006-06-01,CH-AG,2021-03-28.xlsx,meth
908,0.0,2006-07-01,CH-AG,2021-03-28.xlsx,meth
909,0.0,2006-08-01,CH-AG,2021-03-28.xlsx,meth
910,0.0,2006-09-01,CH-AG,2021-03-28.xlsx,meth
911,0.0,2006-10-01,CH-AG,2021-03-28.xlsx,meth
912,0.0,2006-11-01,CH-AG,2021-03-28.xlsx,meth
913,0.0,2006-12-01,CH-AG,2021-03-28.xlsx,meth
914,0.0,2007-01-01,CH-AG,2021-03-28.xlsx,meth
915,0.0,2007-02-01,CH-AG,2021-03-28.xlsx,meth
916,0.0,2007-03-01,CH-AG,2021-03-28.xlsx,meth
917,0.0,2007-04-01,CH-AG,2021-03-28.xlsx,meth
918,0.0,2007-05-01,CH-AG,2021-03-28.xlsx,meth
919,0.0,2007-06-01,CH-AG,2021-03-28.xlsx,meth
920,0.0,2007-07-01,CH-AG,2021-03-28.xlsx,meth
921,0.0,2007-08-01,CH-AG,2021-03-28.xlsx,meth
922,0.0,2007-09-01,CH-AG,2021-03-28.xlsx,meth
923,0.0,2007-10-01,CH-AG,2021-03-28.xlsx,meth
924,0.0,2007-11-01,CH-AG,2021-03-28.xlsx,meth
925,0.0,2007-12-01,CH-AG,2021-03-28.xlsx,meth
926,0.0,2008-01-01,CH-AG,2021-03-28.xlsx,meth
927,100.0,2008-02-01,CH-AG,2021-03-28.xlsx,meth
928,0.0,2008-03-01,CH-AG,2021-03-28.xlsx,meth
929,0.0,2008-04-01,CH-AG,2021-03-28.xlsx,meth
930,0.0,2008-05-01,CH-AG,2021-03-28.xlsx,meth
931,0.0,2008-06-01,CH-AG,2021-03-28.xlsx,meth
932,0.0,2008-07-01,CH-AG,2021-03-28.xlsx,meth
933,0.0,2008-08-01,CH-AG,2021-03-28.xlsx,meth
934,0.0,2008-09-01,CH-AG,2021-03-28.xlsx,meth
935,0.0,2008-10-01,CH-AG,2021-03-28.xlsx,meth
936,0.0,2008-11-01,CH-AG,2021-03-28.xlsx,meth
937,0.0,2008-12-01,CH-AG,2021-03-28.xlsx,meth
938,0.0,2009-01-01,CH-AG,2021-03-28.xlsx,meth
939,0.0,2009-02-01,CH-AG,2021-03-28.xlsx,meth
940,0.0,2009-03-01,CH-AG,2021-03-28.xlsx,meth
941,0.0,2009-04-01,CH-AG,2021-03-28.xlsx,meth
942,0.0,2009-05-01,CH-AG,2021-03-28.xlsx,meth
943,0.0,2009-06-01,CH-AG,2021-03-28.xlsx,meth
944,0.0,2009-07-01,CH-AG,2021-03-28.xlsx,meth
945,0.0,2009-08-01,CH-AG,2021-03-28.xlsx,meth
946,0.0,2009-09-01,CH-AG,2021-03-28.xlsx,meth
947,0.0,2009-10-01,CH-AG,2021-03-28.xlsx,meth
948,0.0,2009-11-01,CH-AG,2021-03-28.xlsx,meth
949,0.0,2009-12-01,CH-AG,2021-03-28.xlsx,meth
950,0.0,2010-01-01,CH-AG,2021-03-28.xlsx,meth
951,0.0,2010-02-01,CH-AG,2021-03-28.xlsx,meth
952,0.0,2010-03-01,CH-AG,2021-03-28.xlsx,meth
953,0.0,2010-04-01,CH-AG,2021-03-28.xlsx,meth
954,0.0,2010-05-01,CH-AG,2021-03-28.xlsx,meth
955,0.0,2010-06-01,CH-AG,2021-03-28.xlsx,meth
956,0.0,2010-07-01,CH-AG,2021-03-28.xlsx,meth
957,0.0,2010-08-01,CH-AG,2021-03-28.xlsx,meth
958,0.0,2010-09-01,CH-AG,2021-03-28.xlsx,meth
959,0.0,2010-10-01,CH-AG,2021-03-28.xlsx,meth
960,0.0,2010-11-01,CH-AG,2021-03-28.xlsx,meth
961,0.0,2010-12-01,CH-AG,2021-03-28.xlsx,meth
962,9.0,2011-01-01,CH-AG,2021-03-28.xlsx,meth
963,0.0,2011-02-01,CH-AG,2021-03-28.xlsx,meth
964,0.0,2011-03-01,CH-AG,2021-03-28.xlsx,meth
965,9.0,2011-04-01,CH-AG,2021-03-28.xlsx,meth
966,10.0,2011-05-01,CH-AG,2021-03-28.xlsx,meth
967,0.0,2011-06-01,CH-AG,2021-03-28.xlsx,meth
968,0.0,2011-07-01,CH-AG,2021-03-28.xlsx,meth
969,0.0,2011-08-01,CH-AG,2021-03-28.xlsx,meth
970,9.0,2011-09-01,CH-AG,2021-03-28.xlsx,meth
971,0.0,2011-10-01,CH-AG,2021-03-28.xlsx,meth
972,0.0,2011-11-01,CH-AG,2021-03-28.xlsx,meth
973,0.0,2011-12-01,CH-AG,2021-03-28.xlsx,meth
974,10.0,2012-01-01,CH-AG,2021-03-28.xlsx,meth
975,0.0,2012-02-01,CH-AG,2021-03-28.xlsx,meth
976,0.0,2012-03-01,CH-AG,2021-03-28.xlsx,meth
977,0.0,2012-04-01,CH-AG,2021-03-28.xlsx,meth
978,0.0,2012-05-01,CH-AG,2021-03-28.xlsx,meth
979,0.0,2012-06-01,CH-AG,2021-03-28.xlsx,meth
980,0.0,2012-07-01,CH-AG,2021-03-28.xlsx,meth
981,10.0,2012-08-01,CH-AG,2021-03-28.xlsx,meth
982,10.0,2012-09-01,CH-AG,2021-03-28.xlsx,meth
983,0.0,2012-10-01,CH-AG,2021-03-28.xlsx,meth
984,0.0,2012-11-01,CH-AG,2021-03-28.xlsx,meth
985,0.0,2012-12-01,CH-AG,2021-03-28.xlsx,meth
986,9.0,2013-01-01,CH-AG,2021-03-28.xlsx,meth
987,0.0,2013-02-01,CH-AG,2021-03-28.xlsx,meth
988,0.0,2013-03-01,CH-AG,2021-03-28.xlsx,meth
989,8.0,2013-04-01,CH-AG,2021-03-28.xlsx,meth
990,0.0,2013-05-01,CH-AG,2021-03-28.xlsx,meth
991,9.0,2013-06-01,CH-AG,2021-03-28.xlsx,meth
992,20.0,2013-07-01,CH-AG,2021-03-28.xlsx,meth
993,0.0,2013-08-01,CH-AG,2021-03-28.xlsx,meth
994,24.0,2013-09-01,CH-AG,2021-03-28.xlsx,meth
995,8.0,2013-10-01,CH-AG,2021-03-28.xlsx,meth
996,8.0,2013-11-01,CH-AG,2021-03-28.xlsx,meth
997,16.0,2013-12-01,CH-AG,2021-03-28.xlsx,meth
998,22.0,2014-01-01,CH-AG,2021-03-28.xlsx,meth
999,0.0,2014-02-01,CH-AG,2021-03-28.xlsx,meth
1000,0.0,2014-03-01,CH-AG,2021-03-28.xlsx,meth
1001,15.0,2014-04-01,CH-AG,2021-03-28.xlsx,meth
1002,31.0,2014-05-01,CH-AG,2021-03-28.xlsx,meth
1003,9.0,2014-06-01,CH-AG,2021-03-28.xlsx,meth
1004,0.0,2014-07-01,CH-AG,2021-03-28.xlsx,meth
1005,0.0,2014-08-01,CH-AG,2021-03-28.xlsx,meth
1006,18.0,2014-09-01,CH-AG,2021-03-28.xlsx,meth
1007,0.0,2014-10-01,CH-AG,2021-03-28.xlsx,meth
1008,9.0,2014-11-01,CH-AG,2021-03-28.xlsx,meth
1009,9.0,2014-12-01,CH-AG,2021-03-28.xlsx,meth
1010,8.0,2015-01-01,CH-AG,2021-03-28.xlsx,meth
1011,0.0,2015-02-01,CH-AG,2021-03-28.xlsx,meth
1012,0.0,2015-03-01,CH-AG,2021-03-28.xlsx,meth
1013,9.0,2015-04-01,CH-AG,2021-03-28.xlsx,meth
1014,0.0,2015-05-01,CH-AG,2021-03-28.xlsx,meth
1015,9.0,2015-06-01,CH-AG,2021-03-28.xlsx,meth
1016,0.0,2015-07-01,CH-AG,2021-03-28.xlsx,meth
1017,0.0,2015-08-01,CH-AG,2021-03-28.xlsx,meth
1018,9.0,2015-09-01,CH-AG,2021-03-28.xlsx,meth
1019,28.0,2015-10-01,CH-AG,2021-03-28.xlsx,meth
1020,9.0,2015-11-01,CH-AG,2021-03-28.xlsx,meth
1021,0.0,2015-12-01,CH-AG,2021-03-28.xlsx,meth
1022,0.0,2016-01-01,CH-AG,2021-03-28.xlsx,meth
1023,7.0,2016-02-01,CH-AG,2021-03-28.xlsx,meth
1024,0.0,2004-01-01,CH-AG,2021-05-26.xlsx,meth
1025,0.0,2004-02-01,CH-AG,2021-05-26.xlsx,meth
1026,0.0,2004-03-01,CH-AG,2021-05-26.xlsx,meth
1027,0.0,2004-04-01,CH-AG,2021-05-26.xlsx,meth
1028,0.0,2004-05-01,CH-AG,2021-05-26.xlsx,meth
1029,0.0,2004-06-01,CH-AG,2021-05-26.xlsx,meth
1030,0.0,2004-07-01,CH-AG,2021-05-26.xlsx,meth
1031,0.0,2004-08-01,CH-AG,2021-05-26.xlsx,meth
1032,0.0,2004-09-01,CH-AG,2021-05-26.xlsx,meth
1033,0.0,2004-10-01,CH-AG,2021-05-26.xlsx,meth
1034,0.0,2004-11-01,CH-AG,2021-05-26.xlsx,meth
1035,0.0,2004-12-01,CH-AG,2021-05-26.xlsx,meth
1036,0.0,2005-01-01,CH-AG,2021-05-26.xlsx,meth
1037,0.0,2005-02-01,CH-AG,2021-05-26.xlsx,meth
1038,0.0,2005-03-01,CH-AG,2021-05-26.xlsx,meth
1039,0.0,2005-04-01,CH-AG,2021-05-26.xlsx,meth
1040,0.0,2005-05-01,CH-AG,2021-05-26.xlsx,meth
1041,0.0,2005-06-01,CH-AG,2021-05-26.xlsx,meth
1042,0.0,2005-07-01,CH-AG,2021-05-26.xlsx,meth
1043,0.0,2005-08-01,CH-AG,2021-05-26.xlsx,meth
1044,0.0,2005-09-01,CH-AG,2021-05-26.xlsx,meth
1045,0.0,2005-10-01,CH-AG,2021-05-26.xlsx,meth
1046,0.0,2005-11-01,CH-AG,2021-05-26.xlsx,meth
1047,0.0,2005-12-01,CH-AG,2021-05-26.xlsx,meth
1048,0.0,2006-01-01,CH-AG,2021-05-26.xlsx,meth
1049,0.0,2006-02-01,CH-AG,2021-05-26.xlsx,meth
1050,0.0,2006-03-01,CH-AG,2021-05-26.xlsx,meth
1051,0.0,2006-04-01,CH-AG,2021-05-26.xlsx,meth
1052,0.0,2006-05-01,CH-AG,2021-05-26.xlsx,meth
1053,0.0,2006-06-01,CH-AG,2021-05-26.xlsx,meth
1054,0.0,2006-07-01,CH-AG,2021-05-26.xlsx,meth
1055,0.0,2006-08-01,CH-AG,2021-05-26.xlsx,meth
1056,0.0,2006-09-01,CH-AG,2021-05-26.xlsx,meth
1057,0.0,2006-10-01,CH-AG,2021-05-26.xlsx,meth
1058,0.0,2006-11-01,CH-AG,2021-05-26.xlsx,meth
1059,0.0,2006-12-01,CH-AG,2021-05-26.xlsx,meth
1060,0.0,2007-01-01,CH-AG,2021-05-26.xlsx,meth
1061,0.0,2007-02-01,CH-AG,2021-05-26.xlsx,meth
1062,0.0,2007-03-01,CH-AG,2021-05-26.xlsx,meth
1063,0.0,2007-04-01,CH-AG,2021-05-26.xlsx,meth
1064,0.0,2007-05-01,CH-AG,2021-05-26.xlsx,meth
1065,0.0,2007-06-01,CH-AG,2021-05-26.xlsx,meth
1066,0.0,2007-07-01,CH-AG,2021-05-26.xlsx,meth
1067,0.0,2007-08-01,CH-AG,2021-05-26.xlsx,meth
1068,0.0,2007-09-01,CH-AG,2021-05-26.xlsx,meth
1069,0.0,2007-10-01,CH-AG,2021-05-26.xlsx,meth
1070,0.0,2007-11-01,CH-AG,2021-05-26.xlsx,meth
1071,0.0,2007-12-01,CH-AG,2021-05-26.xlsx,meth
1072,0.0,2008-01-01,CH-AG,2021-05-26.xlsx,meth
1073,0.0,2008-02-01,CH-AG,2021-05-26.xlsx,meth
1074,0.0,2008-03-01,CH-AG,2021-05-26.xlsx,meth
1075,0.0,2008-04-01,CH-AG,2021-05-26.xlsx,meth
1076,0.0,2008-05-01,CH-AG,2021-05-26.xlsx,meth
1077,0.0,2008-06-01,CH-AG,2021-05-26.xlsx,meth
1078,0.0,2008-07-01,CH-AG,2021-05-26.xlsx,meth
1079,0.0,2008-08-01,CH-AG,2021-05-26.xlsx,meth
1080,0.0,2008-09-01,CH-AG,2021-05-26.xlsx,meth
1081,0.0,2008-10-01,CH-AG,2021-05-26.xlsx,meth
1082,0.0,2008-11-01,CH-AG,2021-05-26.xlsx,meth
1083,0.0,2008-12-01,CH-AG,2021-05-26.xlsx,meth
1084,0.0,2009-01-01,CH-AG,2021-05-26.xlsx,meth
1085,0.0,2009-02-01,CH-AG,2021-05-26.xlsx,meth
1086,0.0,2009-03-01,CH-AG,2021-05-26.xlsx,meth
1087,0.0,2009-04-01,CH-AG,2021-05-26.xlsx,meth
1088,0.0,2009-05-01,CH-AG,2021-05-26.xlsx,meth
1089,0.0,2009-06-01,CH-AG,2021-05-26.xlsx,meth
1090,0.0,2009-07-01,CH-AG,2021-05-26.xlsx,meth
1091,0.0,2009-08-01,CH-AG,2021-05-26.xlsx,meth
1092,0.0,2009-09-01,CH-AG,2021-05-26.xlsx,meth
1093,0.0,2009-10-01,CH-AG,2021-05-26.xlsx,meth
1094,0.0,2009-11-01,CH-AG,2021-05-26.xlsx,meth
1095,0.0,2009-12-01,CH-AG,2021-05-26.xlsx,meth
1096,0.0,2010-01-01,CH-AG,2021-05-26.xlsx,meth
1097,0.0,2010-02-01,CH-AG,2021-05-26.xlsx,meth
1098,0.0,2010-03-01,CH-AG,2021-05-26.xlsx,meth
1099,0.0,2010-04-01,CH-AG,2021-05-26.xlsx,meth
1100,0.0,2010-05-01,CH-AG,2021-05-26.xlsx,meth
1101,0.0,2010-06-01,CH-AG,2021-05-26.xlsx,meth
1102,0.0,2010-07-01,CH-AG,2021-05-26.xlsx,meth
1103,0.0,2010-08-01,CH-AG,2021-05-26.xlsx,meth
1104,0.0,2010-09-01,CH-AG,2021-05-26.xlsx,meth
1105,100.0,2010-10-01,CH-AG,2021-05-26.xlsx,meth
1106,0.0,2010-11-01,CH-AG,2021-05-26.xlsx,meth
1107,0.0,2010-12-01,CH-AG,2021-05-26.xlsx,meth
1108,13.0,2011-01-01,CH-AG,2021-05-26.xlsx,meth
1109,0.0,2011-02-01,CH-AG,2021-05-26.xlsx,meth
1110,0.0,2011-03-01,CH-AG,2021-05-26.xlsx,meth
1111,13.0,2011-04-01,CH-AG,2021-05-26.xlsx,meth
1112,0.0,2011-05-01,CH-AG,2021-05-26.xlsx,meth
1113,0.0,2011-06-01,CH-AG,2021-05-26.xlsx,meth
1114,20.0,2011-07-01,CH-AG,2021-05-26.xlsx,meth
1115,0.0,2011-08-01,CH-AG,2021-05-26.xlsx,meth
1116,0.0,2011-09-01,CH-AG,2021-05-26.xlsx,meth
1117,0.0,2011-10-01,CH-AG,2021-05-26.xlsx,meth
1118,0.0,2011-11-01,CH-AG,2021-05-26.xlsx,meth
1119,0.0,2011-12-01,CH-AG,2021-05-26.xlsx,meth
1120,0.0,2012-01-01,CH-AG,2021-05-26.xlsx,meth
1121,0.0,2012-02-01,CH-AG,2021-05-26.xlsx,meth
1122,16.0,2012-03-01,CH-AG,2021-05-26.xlsx,meth
1123,15.0,2012-04-01,CH-AG,2021-05-26.xlsx,meth
1124,0.0,2012-05-01,CH-AG,2021-05-26.xlsx,meth
1125,0.0,2012-06-01,CH-AG,2021-05-26.xlsx,meth
1126,0.0,2012-07-01,CH-AG,2021-05-26.xlsx,meth
1127,15.0,2012-08-01,CH-AG,2021-05-26.xlsx,meth
1128,0.0,2012-09-01,CH-AG,2021-05-26.xlsx,meth
1129,0.0,2012-10-01,CH-AG,2021-05-26.xlsx,meth
1130,0.0,2012-11-01,CH-AG,2021-05-26.xlsx,meth
1131,15.0,2012-12-01,CH-AG,2021-05-26.xlsx,meth
1132,0.0,2013-01-01,CH-AG,2021-05-26.xlsx,meth
1133,0.0,2013-02-01,CH-AG,2021-05-26.xlsx,meth
1134,12.0,2013-03-01,CH-AG,2021-05-26.xlsx,meth
1135,0.0,2013-04-01,CH-AG,2021-05-26.xlsx,meth
1136,0.0,2013-05-01,CH-AG,2021-05-26.xlsx,meth
1137,0.0,2013-06-01,CH-AG,2021-05-26.xlsx,meth
1138,14.0,2013-07-01,CH-AG,2021-05-26.xlsx,meth
1139,0.0,2013-08-01,CH-AG,2021-05-26.xlsx,meth
1140,12.0,2013-09-01,CH-AG,2021-05-26.xlsx,meth
1141,12.0,2013-10-01,CH-AG,2021-05-26.xlsx,meth
1142,11.0,2013-11-01,CH-AG,2021-05-26.xlsx,meth
1143,24.0,2013-12-01,CH-AG,2021-05-26.xlsx,meth
1144,21.0,2014-01-01,CH-AG,2021-05-26.xlsx,meth
1145,12.0,2014-02-01,CH-AG,2021-05-26.xlsx,meth
1146,0.0,2014-03-01,CH-AG,2021-05-26.xlsx,meth
1147,0.0,2014-04-01,CH-AG,2021-05-26.xlsx,meth
1148,44.0,2014-05-01,CH-AG,2021-05-26.xlsx,meth
1149,0.0,2014-06-01,CH-AG,2021-05-26.xlsx,meth
1150,14.0,2014-07-01,CH-AG,2021-05-26.xlsx,meth
1151,0.0,2014-08-01,CH-AG,2021-05-26.xlsx,meth
1152,0.0,2014-09-01,CH-AG,2021-05-26.xlsx,meth
1153,0.0,2014-10-01,CH-AG,2021-05-26.xlsx,meth
1154,25.0,2014-11-01,CH-AG,2021-05-26.xlsx,meth
1155,13.0,2014-12-01,CH-AG,2021-05-26.xlsx,meth
1156,23.0,2015-01-01,CH-AG,2021-05-26.xlsx,meth
1157,13.0,2015-02-01,CH-AG,2021-05-26.xlsx,meth
1158,0.0,2015-03-01,CH-AG,2021-05-26.xlsx,meth
1159,0.0,2015-04-01,CH-AG,2021-05-26.xlsx,meth
1160,12.0,2015-05-01,CH-AG,2021-05-26.xlsx,meth
1161,0.0,2015-06-01,CH-AG,2021-05-26.xlsx,meth
1162,15.0,2015-07-01,CH-AG,2021-05-26.xlsx,meth
1163,0.0,2015-08-01,CH-AG,2021-05-26.xlsx,meth
1164,27.0,2015-09-01,CH-AG,2021-05-26.xlsx,meth
1165,26.0,2015-10-01,CH-AG,2021-05-26.xlsx,meth
1166,27.0,2015-11-01,CH-AG,2021-05-26.xlsx,meth
1167,0.0,2015-12-01,CH-AG,2021-05-26.xlsx,meth
1168,0.0,2016-01-01,CH-AG,2021-05-26.xlsx,meth
1169,11.0,2016-02-01,CH-AG,2021-05-26.xlsx,meth
1170,0.0,2004-01-01,CH-AG,2021-05-31.xlsx,meth
1171,0.0,2004-02-01,CH-AG,2021-05-31.xlsx,meth
1172,0.0,2004-03-01,CH-AG,2021-05-31.xlsx,meth
1173,0.0,2004-04-01,CH-AG,2021-05-31.xlsx,meth
1174,0.0,2004-05-01,CH-AG,2021-05-31.xlsx,meth
1175,0.0,2004-06-01,CH-AG,2021-05-31.xlsx,meth
1176,0.0,2004-07-01,CH-AG,2021-05-31.xlsx,meth
1177,0.0,2004-08-01,CH-AG,2021-05-31.xlsx,meth
1178,0.0,2004-09-01,CH-AG,2021-05-31.xlsx,meth
1179,0.0,2004-10-01,CH-AG,2021-05-31.xlsx,meth
1180,0.0,2004-11-01,CH-AG,2021-05-31.xlsx,meth
1181,0.0,2004-12-01,CH-AG,2021-05-31.xlsx,meth
1182,0.0,2005-01-01,CH-AG,2021-05-31.xlsx,meth
1183,0.0,2005-02-01,CH-AG,2021-05-31.xlsx,meth
1184,0.0,2005-03-01,CH-AG,2021-05-31.xlsx,meth
1185,0.0,2005-04-01,CH-AG,2021-05-31.xlsx,meth
1186,0.0,2005-05-01,CH-AG,2021-05-31.xlsx,meth
1187,0.0,2005-06-01,CH-AG,2021-05-31.xlsx,meth
1188,0.0,2005-07-01,CH-AG,2021-05-31.xlsx,meth
1189,0.0,2005-08-01,CH-AG,2021-05-31.xlsx,meth
1190,0.0,2005-09-01,CH-AG,2021-05-31.xlsx,meth
1191,0.0,2005-10-01,CH-AG,2021-05-31.xlsx,meth
1192,0.0,2005-11-01,CH-AG,2021-05-31.xlsx,meth
1193,0.0,2005-12-01,CH-AG,2021-05-31.xlsx,meth
1194,0.0,2006-01-01,CH-AG,2021-05-31.xlsx,meth
1195,0.0,2006-02-01,CH-AG,2021-05-31.xlsx,meth
1196,0.0,2006-03-01,CH-AG,2021-05-31.xlsx,meth
1197,0.0,2006-04-01,CH-AG,2021-05-31.xlsx,meth
1198,0.0,2006-05-01,CH-AG,2021-05-31.xlsx,meth
1199,0.0,2006-06-01,CH-AG,2021-05-31.xlsx,meth
1200,0.0,2006-07-01,CH-AG,2021-05-31.xlsx,meth
1201,0.0,2006-08-01,CH-AG,2021-05-31.xlsx,meth
1202,0.0,2006-09-01,CH-AG,2021-05-31.xlsx,meth
1203,0.0,2006-10-01,CH-AG,2021-05-31.xlsx,meth
1204,0.0,2006-11-01,CH-AG,2021-05-31.xlsx,meth
1205,0.0,2006-12-01,CH-AG,2021-05-31.xlsx,meth
1206,0.0,2007-01-01,CH-AG,2021-05-31.xlsx,meth
1207,0.0,2007-02-01,CH-AG,2021-05-31.xlsx,meth
1208,0.0,2007-03-01,CH-AG,2021-05-31.xlsx,meth
1209,0.0,2007-04-01,CH-AG,2021-05-31.xlsx,meth
1210,0.0,2007-05-01,CH-AG,2021-05-31.xlsx,meth
1211,0.0,2007-06-01,CH-AG,2021-05-31.xlsx,meth
1212,0.0,2007-07-01,CH-AG,2021-05-31.xlsx,meth
1213,0.0,2007-08-01,CH-AG,2021-05-31.xlsx,meth
1214,0.0,2007-09-01,CH-AG,2021-05-31.xlsx,meth
1215,0.0,2007-10-01,CH-AG,2021-05-31.xlsx,meth
1216,0.0,2007-11-01,CH-AG,2021-05-31.xlsx,meth
1217,0.0,2007-12-01,CH-AG,2021-05-31.xlsx,meth
1218,0.0,2008-01-01,CH-AG,2021-05-31.xlsx,meth
1219,0.0,2008-02-01,CH-AG,2021-05-31.xlsx,meth
1220,0.0,2008-03-01,CH-AG,2021-05-31.xlsx,meth
1221,0.0,2008-04-01,CH-AG,2021-05-31.xlsx,meth
1222,0.0,2008-05-01,CH-AG,2021-05-31.xlsx,meth
1223,0.0,2008-06-01,CH-AG,2021-05-31.xlsx,meth
1224,0.0,2008-07-01,CH-AG,2021-05-31.xlsx,meth
1225,0.0,2008-08-01,CH-AG,2021-05-31.xlsx,meth
1226,0.0,2008-09-01,CH-AG,2021-05-31.xlsx,meth
1227,0.0,2008-10-01,CH-AG,2021-05-31.xlsx,meth
1228,0.0,2008-11-01,CH-AG,2021-05-31.xlsx,meth
1229,0.0,2008-12-01,CH-AG,2021-05-31.xlsx,meth
1230,0.0,2009-01-01,CH-AG,2021-05-31.xlsx,meth
1231,0.0,2009-02-01,CH-AG,2021-05-31.xlsx,meth
1232,0.0,2009-03-01,CH-AG,2021-05-31.xlsx,meth
1233,0.0,2009-04-01,CH-AG,2021-05-31.xlsx,meth
1234,0.0,2009-05-01,CH-AG,2021-05-31.xlsx,meth
1235,0.0,2009-06-01,CH-AG,2021-05-31.xlsx,meth
1236,0.0,2009-07-01,CH-AG,2021-05-31.xlsx,meth
1237,0.0,2009-08-01,CH-AG,2021-05-31.xlsx,meth
1238,0.0,2009-09-01,CH-AG,2021-05-31.xlsx,meth
1239,0.0,2009-10-01,CH-AG,2021-05-31.xlsx,meth
1240,0.0,2009-11-01,CH-AG,2021-05-31.xlsx,meth
1241,0.0,2009-12-01,CH-AG,2021-05-31.xlsx,meth
1242,0.0,2010-01-01,CH-AG,2021-05-31.xlsx,meth
1243,0.0,2010-02-01,CH-AG,2021-05-31.xlsx,meth
1244,0.0,2010-03-01,CH-AG,2021-05-31.xlsx,meth
1245,0.0,2010-04-01,CH-AG,2021-05-31.xlsx,meth
1246,0.0,2010-05-01,CH-AG,2021-05-31.xlsx,meth
1247,0.0,2010-06-01,CH-AG,2021-05-31.xlsx,meth
1248,0.0,2010-07-01,CH-AG,2021-05-31.xlsx,meth
1249,0.0,2010-08-01,CH-AG,2021-05-31.xlsx,meth
1250,0.0,2010-09-01,CH-AG,2021-05-31.xlsx,meth
1251,0.0,2010-10-01,CH-AG,2021-05-31.xlsx,meth
1252,0.0,2010-11-01,CH-AG,2021-05-31.xlsx,meth
1253,0.0,2010-12-01,CH-AG,2021-05-31.xlsx,meth
1254,38.0,2011-01-01,CH-AG,2021-05-31.xlsx,meth
1255,41.0,2011-02-01,CH-AG,2021-05-31.xlsx,meth
1256,0.0,2011-03-01,CH-AG,2021-05-31.xlsx,meth
1257,0.0,2011-04-01,CH-AG,2021-05-31.xlsx,meth
1258,41.0,2011-05-01,CH-AG,2021-05-31.xlsx,meth
1259,0.0,2011-06-01,CH-AG,2021-05-31.xlsx,meth
1260,0.0,2011-07-01,CH-AG,2021-05-31.xlsx,meth
1261,0.0,2011-08-01,CH-AG,2021-05-31.xlsx,meth
1262,0.0,2011-09-01,CH-AG,2021-05-31.xlsx,meth
1263,0.0,2011-10-01,CH-AG,2021-05-31.xlsx,meth
1264,0.0,2011-11-01,CH-AG,2021-05-31.xlsx,meth
1265,50.0,2011-12-01,CH-AG,2021-05-31.xlsx,meth
1266,0.0,2012-01-01,CH-AG,2021-05-31.xlsx,meth
1267,0.0,2012-02-01,CH-AG,2021-05-31.xlsx,meth
1268,46.0,2012-03-01,CH-AG,2021-05-31.xlsx,meth
1269,45.0,2012-04-01,CH-AG,2021-05-31.xlsx,meth
1270,0.0,2012-05-01,CH-AG,2021-05-31.xlsx,meth
1271,0.0,2012-06-01,CH-AG,2021-05-31.xlsx,meth
1272,0.0,2012-07-01,CH-AG,2021-05-31.xlsx,meth
1273,44.0,2012-08-01,CH-AG,2021-05-31.xlsx,meth
1274,42.0,2012-09-01,CH-AG,2021-05-31.xlsx,meth
1275,0.0,2012-10-01,CH-AG,2021-05-31.xlsx,meth
1276,0.0,2012-11-01,CH-AG,2021-05-31.xlsx,meth
1277,0.0,2012-12-01,CH-AG,2021-05-31.xlsx,meth
1278,0.0,2013-01-01,CH-AG,2021-05-31.xlsx,meth
1279,44.0,2013-02-01,CH-AG,2021-05-31.xlsx,meth
1280,34.0,2013-03-01,CH-AG,2021-05-31.xlsx,meth
1281,67.0,2013-04-01,CH-AG,2021-05-31.xlsx,meth
1282,0.0,2013-05-01,CH-AG,2021-05-31.xlsx,meth
1283,37.0,2013-06-01,CH-AG,2021-05-31.xlsx,meth
1284,0.0,2013-07-01,CH-AG,2021-05-31.xlsx,meth
1285,0.0,2013-08-01,CH-AG,2021-05-31.xlsx,meth
1286,69.0,2013-09-01,CH-AG,2021-05-31.xlsx,meth
1287,34.0,2013-10-01,CH-AG,2021-05-31.xlsx,meth
1288,100.0,2013-11-01,CH-AG,2021-05-31.xlsx,meth
1289,34.0,2013-12-01,CH-AG,2021-05-31.xlsx,meth
1290,31.0,2014-01-01,CH-AG,2021-05-31.xlsx,meth
1291,35.0,2014-02-01,CH-AG,2021-05-31.xlsx,meth
1292,0.0,2014-03-01,CH-AG,2021-05-31.xlsx,meth
1293,0.0,2014-04-01,CH-AG,2021-05-31.xlsx,meth
1294,33.0,2014-05-01,CH-AG,2021-05-31.xlsx,meth
1295,0.0,2014-06-01,CH-AG,2021-05-31.xlsx,meth
1296,41.0,2014-07-01,CH-AG,2021-05-31.xlsx,meth
1297,0.0,2014-08-01,CH-AG,2021-05-31.xlsx,meth
1298,38.0,2014-09-01,CH-AG,2021-05-31.xlsx,meth
1299,0.0,2014-10-01,CH-AG,2021-05-31.xlsx,meth
1300,0.0,2014-11-01,CH-AG,2021-05-31.xlsx,meth
1301,77.0,2014-12-01,CH-AG,2021-05-31.xlsx,meth
1302,33.0,2015-01-01,CH-AG,2021-05-31.xlsx,meth
1303,38.0,2015-02-01,CH-AG,2021-05-31.xlsx,meth
1304,0.0,2015-03-01,CH-AG,2021-05-31.xlsx,meth
1305,0.0,2015-04-01,CH-AG,2021-05-31.xlsx,meth
1306,0.0,2015-05-01,CH-AG,2021-05-31.xlsx,meth
1307,0.0,2015-06-01,CH-AG,2021-05-31.xlsx,meth
1308,44.0,2015-07-01,CH-AG,2021-05-31.xlsx,meth
1309,0.0,2015-08-01,CH-AG,2021-05-31.xlsx,meth
1310,40.0,2015-09-01,CH-AG,2021-05-31.xlsx,meth
1311,39.0,2015-10-01,CH-AG,2021-05-31.xlsx,meth
1312,39.0,2015-11-01,CH-AG,2021-05-31.xlsx,meth
1313,0.0,2015-12-01,CH-AG,2021-05-31.xlsx,meth
1314,31.0,2016-01-01,CH-AG,2021-05-31.xlsx,meth
1315,32.0,2016-02-01,CH-AG,2021-05-31.xlsx,meth
1316,0.0,2004-01-01,CH-AG,2021-05-27.xlsx,meth
1317,0.0,2004-02-01,CH-AG,2021-05-27.xlsx,meth
1318,0.0,2004-03-01,CH-AG,2021-05-27.xlsx,meth
1319,0.0,2004-04-01,CH-AG,2021-05-27.xlsx,meth
1320,0.0,2004-05-01,CH-AG,2021-05-27.xlsx,meth
1321,0.0,2004-06-01,CH-AG,2021-05-27.xlsx,meth
1322,0.0,2004-07-01,CH-AG,2021-05-27.xlsx,meth
1323,0.0,2004-08-01,CH-AG,2021-05-27.xlsx,meth
1324,0.0,2004-09-01,CH-AG,2021-05-27.xlsx,meth
1325,0.0,2004-10-01,CH-AG,2021-05-27.xlsx,meth
1326,0.0,2004-11-01,CH-AG,2021-05-27.xlsx,meth
1327,0.0,2004-12-01,CH-AG,2021-05-27.xlsx,meth
1328,0.0,2005-01-01,CH-AG,2021-05-27.xlsx,meth
1329,0.0,2005-02-01,CH-AG,2021-05-27.xlsx,meth
1330,0.0,2005-03-01,CH-AG,2021-05-27.xlsx,meth
1331,0.0,2005-04-01,CH-AG,2021-05-27.xlsx,meth
1332,0.0,2005-05-01,CH-AG,2021-05-27.xlsx,meth
1333,0.0,2005-06-01,CH-AG,2021-05-27.xlsx,meth
1334,0.0,2005-07-01,CH-AG,2021-05-27.xlsx,meth
1335,0.0,2005-08-01,CH-AG,2021-05-27.xlsx,meth
1336,0.0,2005-09-01,CH-AG,2021-05-27.xlsx,meth
1337,0.0,2005-10-01,CH-AG,2021-05-27.xlsx,meth
1338,0.0,2005-11-01,CH-AG,2021-05-27.xlsx,meth
1339,0.0,2005-12-01,CH-AG,2021-05-27.xlsx,meth
1340,0.0,2006-01-01,CH-AG,2021-05-27.xlsx,meth
1341,0.0,2006-02-01,CH-AG,2021-05-27.xlsx,meth
1342,0.0,2006-03-01,CH-AG,2021-05-27.xlsx,meth
1343,0.0,2006-04-01,CH-AG,2021-05-27.xlsx,meth
1344,0.0,2006-05-01,CH-AG,2021-05-27.xlsx,meth
1345,0.0,2006-06-01,CH-AG,2021-05-27.xlsx,meth
1346,0.0,2006-07-01,CH-AG,2021-05-27.xlsx,meth
1347,0.0,2006-08-01,CH-AG,2021-05-27.xlsx,meth
1348,0.0,2006-09-01,CH-AG,2021-05-27.xlsx,meth
1349,0.0,2006-10-01,CH-AG,2021-05-27.xlsx,meth
1350,0.0,2006-11-01,CH-AG,2021-05-27.xlsx,meth
1351,0.0,2006-12-01,CH-AG,2021-05-27.xlsx,meth
1352,0.0,2007-01-01,CH-AG,2021-05-27.xlsx,meth
1353,0.0,2007-02-01,CH-AG,2021-05-27.xlsx,meth
1354,0.0,2007-03-01,CH-AG,2021-05-27.xlsx,meth
1355,0.0,2007-04-01,CH-AG,2021-05-27.xlsx,meth
1356,0.0,2007-05-01,CH-AG,2021-05-27.xlsx,meth
1357,0.0,2007-06-01,CH-AG,2021-05-27.xlsx,meth
1358,0.0,2007-07-01,CH-AG,2021-05-27.xlsx,meth
1359,0.0,2007-08-01,CH-AG,2021-05-27.xlsx,meth
1360,0.0,2007-09-01,CH-AG,2021-05-27.xlsx,meth
1361,0.0,2007-10-01,CH-AG,2021-05-27.xlsx,meth
1362,0.0,2007-11-01,CH-AG,2021-05-27.xlsx,meth
1363,0.0,2007-12-01,CH-AG,2021-05-27.xlsx,meth
1364,0.0,2008-01-01,CH-AG,2021-05-27.xlsx,meth
1365,100.0,2008-02-01,CH-AG,2021-05-27.xlsx,meth
1366,0.0,2008-03-01,CH-AG,2021-05-27.xlsx,meth
1367,0.0,2008-04-01,CH-AG,2021-05-27.xlsx,meth
1368,0.0,2008-05-01,CH-AG,2021-05-27.xlsx,meth
1369,0.0,2008-06-01,CH-AG,2021-05-27.xlsx,meth
1370,0.0,2008-07-01,CH-AG,2021-05-27.xlsx,meth
1371,0.0,2008-08-01,CH-AG,2021-05-27.xlsx,meth
1372,0.0,2008-09-01,CH-AG,2021-05-27.xlsx,meth
1373,0.0,2008-10-01,CH-AG,2021-05-27.xlsx,meth
1374,0.0,2008-11-01,CH-AG,2021-05-27.xlsx,meth
1375,0.0,2008-12-01,CH-AG,2021-05-27.xlsx,meth
1376,0.0,2009-01-01,CH-AG,2021-05-27.xlsx,meth
1377,0.0,2009-02-01,CH-AG,2021-05-27.xlsx,meth
1378,0.0,2009-03-01,CH-AG,2021-05-27.xlsx,meth
1379,0.0,2009-04-01,CH-AG,2021-05-27.xlsx,meth
1380,0.0,2009-05-01,CH-AG,2021-05-27.xlsx,meth
1381,0.0,2009-06-01,CH-AG,2021-05-27.xlsx,meth
1382,0.0,2009-07-01,CH-AG,2021-05-27.xlsx,meth
1383,0.0,2009-08-01,CH-AG,2021-05-27.xlsx,meth
1384,0.0,2009-09-01,CH-AG,2021-05-27.xlsx,meth
1385,0.0,2009-10-01,CH-AG,2021-05-27.xlsx,meth
1386,0.0,2009-11-01,CH-AG,2021-05-27.xlsx,meth
1387,0.0,2009-12-01,CH-AG,2021-05-27.xlsx,meth
1388,0.0,2010-01-01,CH-AG,2021-05-27.xlsx,meth
1389,0.0,2010-02-01,CH-AG,2021-05-27.xlsx,meth
1390,0.0,2010-03-01,CH-AG,2021-05-27.xlsx,meth
1391,0.0,2010-04-01,CH-AG,2021-05-27.xlsx,meth
1392,0.0,2010-05-01,CH-AG,2021-05-27.xlsx,meth
1393,0.0,2010-06-01,CH-AG,2021-05-27.xlsx,meth
1394,0.0,2010-07-01,CH-AG,2021-05-27.xlsx,meth
1395,0.0,2010-08-01,CH-AG,2021-05-27.xlsx,meth
1396,0.0,2010-09-01,CH-AG,2021-05-27.xlsx,meth
1397,67.0,2010-10-01,CH-AG,2021-05-27.xlsx,meth
1398,0.0,2010-11-01,CH-AG,2021-05-27.xlsx,meth
1399,0.0,2010-12-01,CH-AG,2021-05-27.xlsx,meth
1400,0.0,2011-01-01,CH-AG,2021-05-27.xlsx,meth
1401,0.0,2011-02-01,CH-AG,2021-05-27.xlsx,meth
1402,0.0,2011-03-01,CH-AG,2021-05-27.xlsx,meth
1403,0.0,2011-04-01,CH-AG,2021-05-27.xlsx,meth
1404,10.0,2011-05-01,CH-AG,2021-05-27.xlsx,meth
1405,0.0,2011-06-01,CH-AG,2021-05-27.xlsx,meth
1406,14.0,2011-07-01,CH-AG,2021-05-27.xlsx,meth
1407,0.0,2011-08-01,CH-AG,2021-05-27.xlsx,meth
1408,17.0,2011-09-01,CH-AG,2021-05-27.xlsx,meth
1409,0.0,2011-10-01,CH-AG,2021-05-27.xlsx,meth
1410,0.0,2011-11-01,CH-AG,2021-05-27.xlsx,meth
1411,0.0,2011-12-01,CH-AG,2021-05-27.xlsx,meth
1412,0.0,2012-01-01,CH-AG,2021-05-27.xlsx,meth
1413,0.0,2012-02-01,CH-AG,2021-05-27.xlsx,meth
1414,21.0,2012-03-01,CH-AG,2021-05-27.xlsx,meth
1415,0.0,2012-04-01,CH-AG,2021-05-27.xlsx,meth
1416,0.0,2012-05-01,CH-AG,2021-05-27.xlsx,meth
1417,0.0,2012-06-01,CH-AG,2021-05-27.xlsx,meth
1418,11.0,2012-07-01,CH-AG,2021-05-27.xlsx,meth
1419,10.0,2012-08-01,CH-AG,2021-05-27.xlsx,meth
1420,0.0,2012-09-01,CH-AG,2021-05-27.xlsx,meth
1421,9.0,2012-10-01,CH-AG,2021-05-27.xlsx,meth
1422,0.0,2012-11-01,CH-AG,2021-05-27.xlsx,meth
1423,0.0,2012-12-01,CH-AG,2021-05-27.xlsx,meth
1424,9.0,2013-01-01,CH-AG,2021-05-27.xlsx,meth
1425,0.0,2013-02-01,CH-AG,2021-05-27.xlsx,meth
1426,8.0,2013-03-01,CH-AG,2021-05-27.xlsx,meth
1427,0.0,2013-04-01,CH-AG,2021-05-27.xlsx,meth
1428,0.0,2013-05-01,CH-AG,2021-05-27.xlsx,meth
1429,9.0,2013-06-01,CH-AG,2021-05-27.xlsx,meth
1430,10.0,2013-07-01,CH-AG,2021-05-27.xlsx,meth
1431,0.0,2013-08-01,CH-AG,2021-05-27.xlsx,meth
1432,8.0,2013-09-01,CH-AG,2021-05-27.xlsx,meth
1433,16.0,2013-10-01,CH-AG,2021-05-27.xlsx,meth
1434,16.0,2013-11-01,CH-AG,2021-05-27.xlsx,meth
1435,0.0,2013-12-01,CH-AG,2021-05-27.xlsx,meth
1436,7.0,2014-01-01,CH-AG,2021-05-27.xlsx,meth
1437,8.0,2014-02-01,CH-AG,2021-05-27.xlsx,meth
1438,7.0,2014-03-01,CH-AG,2021-05-27.xlsx,meth
1439,0.0,2014-04-01,CH-AG,2021-05-27.xlsx,meth
1440,15.0,2014-05-01,CH-AG,2021-05-27.xlsx,meth
1441,9.0,2014-06-01,CH-AG,2021-05-27.xlsx,meth
1442,0.0,2014-07-01,CH-AG,2021-05-27.xlsx,meth
1443,0.0,2014-08-01,CH-AG,2021-05-27.xlsx,meth
1444,9.0,2014-09-01,CH-AG,2021-05-27.xlsx,meth
1445,8.0,2014-10-01,CH-AG,2021-05-27.xlsx,meth
1446,25.0,2014-11-01,CH-AG,2021-05-27.xlsx,meth
1447,0.0,2014-12-01,CH-AG,2021-05-27.xlsx,meth
1448,16.0,2015-01-01,CH-AG,2021-05-27.xlsx,meth
1449,9.0,2015-02-01,CH-AG,2021-05-27.xlsx,meth
1450,0.0,2015-03-01,CH-AG,2021-05-27.xlsx,meth
1451,9.0,2015-04-01,CH-AG,2021-05-27.xlsx,meth
1452,0.0,2015-05-01,CH-AG,2021-05-27.xlsx,meth
1453,0.0,2015-06-01,CH-AG,2021-05-27.xlsx,meth
1454,0.0,2015-07-01,CH-AG,2021-05-27.xlsx,meth
1455,9.0,2015-08-01,CH-AG,2021-05-27.xlsx,meth
1456,19.0,2015-09-01,CH-AG,2021-05-27.xlsx,meth
1457,0.0,2015-10-01,CH-AG,2021-05-27.xlsx,meth
1458,0.0,2015-11-01,CH-AG,2021-05-27.xlsx,meth
1459,0.0,2015-12-01,CH-AG,2021-05-27.xlsx,meth
1460,0.0,2016-01-01,CH-AG,2021-05-27.xlsx,meth
1461,7.0,2016-02-01,CH-AG,2021-05-27.xlsx,meth
1462,0.0,2004-01-01,CH-AG,2021-06-01.xlsx,meth
1463,0.0,2004-02-01,CH-AG,2021-06-01.xlsx,meth
1464,0.0,2004-03-01,CH-AG,2021-06-01.xlsx,meth
1465,0.0,2004-04-01,CH-AG,2021-06-01.xlsx,meth
1466,0.0,2004-05-01,CH-AG,2021-06-01.xlsx,meth
1467,0.0,2004-06-01,CH-AG,2021-06-01.xlsx,meth
1468,0.0,2004-07-01,CH-AG,2021-06-01.xlsx,meth
1469,0.0,2004-08-01,CH-AG,2021-06-01.xlsx,meth
1470,0.0,2004-09-01,CH-AG,2021-06-01.xlsx,meth
1471,0.0,2004-10-01,CH-AG,2021-06-01.xlsx,meth
1472,0.0,2004-11-01,CH-AG,2021-06-01.xlsx,meth
1473,0.0,2004-12-01,CH-AG,2021-06-01.xlsx,meth
1474,0.0,2005-01-01,CH-AG,2021-06-01.xlsx,meth
1475,0.0,2005-02-01,CH-AG,2021-06-01.xlsx,meth
1476,0.0,2005-03-01,CH-AG,2021-06-01.xlsx,meth
1477,0.0,2005-04-01,CH-AG,2021-06-01.xlsx,meth
1478,0.0,2005-05-01,CH-AG,2021-06-01.xlsx,meth
1479,0.0,2005-06-01,CH-AG,2021-06-01.xlsx,meth
1480,0.0,2005-07-01,CH-AG,2021-06-01.xlsx,meth
1481,0.0,2005-08-01,CH-AG,2021-06-01.xlsx,meth
1482,0.0,2005-09-01,CH-AG,2021-06-01.xlsx,meth
1483,0.0,2005-10-01,CH-AG,2021-06-01.xlsx,meth
1484,0.0,2005-11-01,CH-AG,2021-06-01.xlsx,meth
1485,0.0,2005-12-01,CH-AG,2021-06-01.xlsx,meth
1486,0.0,2006-01-01,CH-AG,2021-06-01.xlsx,meth
1487,0.0,2006-02-01,CH-AG,2021-06-01.xlsx,meth
1488,0.0,2006-03-01,CH-AG,2021-06-01.xlsx,meth
1489,0.0,2006-04-01,CH-AG,2021-06-01.xlsx,meth
1490,0.0,2006-05-01,CH-AG,2021-06-01.xlsx,meth
1491,0.0,2006-06-01,CH-AG,2021-06-01.xlsx,meth
1492,0.0,2006-07-01,CH-AG,2021-06-01.xlsx,meth
1493,0.0,2006-08-01,CH-AG,2021-06-01.xlsx,meth
1494,0.0,2006-09-01,CH-AG,2021-06-01.xlsx,meth
1495,0.0,2006-10-01,CH-AG,2021-06-01.xlsx,meth
1496,0.0,2006-11-01,CH-AG,2021-06-01.xlsx,meth
1497,0.0,2006-12-01,CH-AG,2021-06-01.xlsx,meth
1498,0.0,2007-01-01,CH-AG,2021-06-01.xlsx,meth
1499,0.0,2007-02-01,CH-AG,2021-06-01.xlsx,meth
1500,0.0,2007-03-01,CH-AG,2021-06-01.xlsx,meth
1501,0.0,2007-04-01,CH-AG,2021-06-01.xlsx,meth
1502,0.0,2007-05-01,CH-AG,2021-06-01.xlsx,meth
1503,0.0,2007-06-01,CH-AG,2021-06-01.xlsx,meth
1504,0.0,2007-07-01,CH-AG,2021-06-01.xlsx,meth
1505,0.0,2007-08-01,CH-AG,2021-06-01.xlsx,meth
1506,0.0,2007-09-01,CH-AG,2021-06-01.xlsx,meth
1507,0.0,2007-10-01,CH-AG,2021-06-01.xlsx,meth
1508,0.0,2007-11-01,CH-AG,2021-06-01.xlsx,meth
1509,0.0,2007-12-01,CH-AG,2021-06-01.xlsx,meth
1510,0.0,2008-01-01,CH-AG,2021-06-01.xlsx,meth
1511,0.0,2008-02-01,CH-AG,2021-06-01.xlsx,meth
1512,0.0,2008-03-01,CH-AG,2021-06-01.xlsx,meth
1513,0.0,2008-04-01,CH-AG,2021-06-01.xlsx,meth
1514,0.0,2008-05-01,CH-AG,2021-06-01.xlsx,meth
1515,0.0,2008-06-01,CH-AG,2021-06-01.xlsx,meth
1516,0.0,2008-07-01,CH-AG,2021-06-01.xlsx,meth
1517,0.0,2008-08-01,CH-AG,2021-06-01.xlsx,meth
1518,0.0,2008-09-01,CH-AG,2021-06-01.xlsx,meth
1519,0.0,2008-10-01,CH-AG,2021-06-01.xlsx,meth
1520,0.0,2008-11-01,CH-AG,2021-06-01.xlsx,meth
1521,0.0,2008-12-01,CH-AG,2021-06-01.xlsx,meth
1522,0.0,2009-01-01,CH-AG,2021-06-01.xlsx,meth
1523,0.0,2009-02-01,CH-AG,2021-06-01.xlsx,meth
1524,0.0,2009-03-01,CH-AG,2021-06-01.xlsx,meth
1525,0.0,2009-04-01,CH-AG,2021-06-01.xlsx,meth
1526,0.0,2009-05-01,CH-AG,2021-06-01.xlsx,meth
1527,0.0,2009-06-01,CH-AG,2021-06-01.xlsx,meth
1528,0.0,2009-07-01,CH-AG,2021-06-01.xlsx,meth
1529,0.0,2009-08-01,CH-AG,2021-06-01.xlsx,meth
1530,0.0,2009-09-01,CH-AG,2021-06-01.xlsx,meth
1531,0.0,2009-10-01,CH-AG,2021-06-01.xlsx,meth
1532,0.0,2009-11-01,CH-AG,2021-06-01.xlsx,meth
1533,0.0,2009-12-01,CH-AG,2021-06-01.xlsx,meth
1534,0.0,2010-01-01,CH-AG,2021-06-01.xlsx,meth
1535,0.0,2010-02-01,CH-AG,2021-06-01.xlsx,meth
1536,0.0,2010-03-01,CH-AG,2021-06-01.xlsx,meth
1537,0.0,2010-04-01,CH-AG,2021-06-01.xlsx,meth
1538,0.0,2010-05-01,CH-AG,2021-06-01.xlsx,meth
1539,0.0,2010-06-01,CH-AG,2021-06-01.xlsx,meth
1540,0.0,2010-07-01,CH-AG,2021-06-01.xlsx,meth
1541,0.0,2010-08-01,CH-AG,2021-06-01.xlsx,meth
1542,0.0,2010-09-01,CH-AG,2021-06-01.xlsx,meth
1543,0.0,2010-10-01,CH-AG,2021-06-01.xlsx,meth
1544,0.0,2010-11-01,CH-AG,2021-06-01.xlsx,meth
1545,0.0,2010-12-01,CH-AG,2021-06-01.xlsx,meth
1546,0.0,2011-01-01,CH-AG,2021-06-01.xlsx,meth
1547,29.0,2011-02-01,CH-AG,2021-06-01.xlsx,meth
1548,0.0,2011-03-01,CH-AG,2021-06-01.xlsx,meth
1549,0.0,2011-04-01,CH-AG,2021-06-01.xlsx,meth
1550,0.0,2011-05-01,CH-AG,2021-06-01.xlsx,meth
1551,0.0,2011-06-01,CH-AG,2021-06-01.xlsx,meth
1552,43.0,2011-07-01,CH-AG,2021-06-01.xlsx,meth
1553,0.0,2011-08-01,CH-AG,2021-06-01.xlsx,meth
1554,0.0,2011-09-01,CH-AG,2021-06-01.xlsx,meth
1555,0.0,2011-10-01,CH-AG,2021-06-01.xlsx,meth
1556,0.0,2011-11-01,CH-AG,2021-06-01.xlsx,meth
1557,0.0,2011-12-01,CH-AG,2021-06-01.xlsx,meth
1558,0.0,2012-01-01,CH-AG,2021-06-01.xlsx,meth
1559,0.0,2012-02-01,CH-AG,2021-06-01.xlsx,meth
1560,33.0,2012-03-01,CH-AG,2021-06-01.xlsx,meth
1561,0.0,2012-04-01,CH-AG,2021-06-01.xlsx,meth
1562,0.0,2012-05-01,CH-AG,2021-06-01.xlsx,meth
1563,0.0,2012-06-01,CH-AG,2021-06-01.xlsx,meth
1564,34.0,2012-07-01,CH-AG,2021-06-01.xlsx,meth
1565,0.0,2012-08-01,CH-AG,2021-06-01.xlsx,meth
1566,0.0,2012-09-01,CH-AG,2021-06-01.xlsx,meth
1567,29.0,2012-10-01,CH-AG,2021-06-01.xlsx,meth
1568,0.0,2012-11-01,CH-AG,2021-06-01.xlsx,meth
1569,31.0,2012-12-01,CH-AG,2021-06-01.xlsx,meth
1570,29.0,2013-01-01,CH-AG,2021-06-01.xlsx,meth
1571,0.0,2013-02-01,CH-AG,2021-06-01.xlsx,meth
1572,0.0,2013-03-01,CH-AG,2021-06-01.xlsx,meth
1573,74.0,2013-04-01,CH-AG,2021-06-01.xlsx,meth
1574,0.0,2013-05-01,CH-AG,2021-06-01.xlsx,meth
1575,0.0,2013-06-01,CH-AG,2021-06-01.xlsx,meth
1576,61.0,2013-07-01,CH-AG,2021-06-01.xlsx,meth
1577,0.0,2013-08-01,CH-AG,2021-06-01.xlsx,meth
1578,0.0,2013-09-01,CH-AG,2021-06-01.xlsx,meth
1579,100.0,2013-10-01,CH-AG,2021-06-01.xlsx,meth
1580,49.0,2013-11-01,CH-AG,2021-06-01.xlsx,meth
1581,75.0,2013-12-01,CH-AG,2021-06-01.xlsx,meth
1582,22.0,2014-01-01,CH-AG,2021-06-01.xlsx,meth
1583,0.0,2014-02-01,CH-AG,2021-06-01.xlsx,meth
1584,68.0,2014-03-01,CH-AG,2021-06-01.xlsx,meth
1585,24.0,2014-04-01,CH-AG,2021-06-01.xlsx,meth
1586,71.0,2014-05-01,CH-AG,2021-06-01.xlsx,meth
1587,0.0,2014-06-01,CH-AG,2021-06-01.xlsx,meth
1588,0.0,2014-07-01,CH-AG,2021-06-01.xlsx,meth
1589,0.0,2014-08-01,CH-AG,2021-06-01.xlsx,meth
1590,27.0,2014-09-01,CH-AG,2021-06-01.xlsx,meth
1591,26.0,2014-10-01,CH-AG,2021-06-01.xlsx,meth
1592,53.0,2014-11-01,CH-AG,2021-06-01.xlsx,meth
1593,28.0,2014-12-01,CH-AG,2021-06-01.xlsx,meth
1594,49.0,2015-01-01,CH-AG,2021-06-01.xlsx,meth
1595,0.0,2015-02-01,CH-AG,2021-06-01.xlsx,meth
1596,0.0,2015-03-01,CH-AG,2021-06-01.xlsx,meth
1597,27.0,2015-04-01,CH-AG,2021-06-01.xlsx,meth
1598,26.0,2015-05-01,CH-AG,2021-06-01.xlsx,meth
1599,29.0,2015-06-01,CH-AG,2021-06-01.xlsx,meth
1600,0.0,2015-07-01,CH-AG,2021-06-01.xlsx,meth
1601,28.0,2015-08-01,CH-AG,2021-06-01.xlsx,meth
1602,58.0,2015-09-01,CH-AG,2021-06-01.xlsx,meth
1603,28.0,2015-10-01,CH-AG,2021-06-01.xlsx,meth
1604,57.0,2015-11-01,CH-AG,2021-06-01.xlsx,meth
1605,0.0,2015-12-01,CH-AG,2021-06-01.xlsx,meth
1606,0.0,2016-01-01,CH-AG,2021-06-01.xlsx,meth
1607,0.0,2016-02-01,CH-AG,2021-06-01.xlsx,meth
